Year,ICPSR_State_Code,Alphanumeric_State_Code,State,Turnout_Rates_VEP_Total_Ballots_Counted,Turnout_Rates_VEP_Highest_Office,Turnout_Rates_VAP_Highest_Office,Numerators_Total_Ballots_Counted,Numerators_Highest_Office,Denominators_Voting_Eligible_Population_VEP,Denominators_Voting_Age_Population_VAP_,Non_citizen,Prison,Probation,Parole,Total_Ineligible_Felon,Overseas_Eligible
2014,0,0,United States,36.7,36,33.2,83262122,81687059,227157964,245712915,8.4,1493706,2298993,548576,3329718,5345814
2014,41,1,Alabama,33.2,32.9,31.5,1191274,1180413,3588783,3751844,2.5,31691,53640,8097,69826,
2014,81,2,Alaska,54.8,54.2,51,285431,282382,520562,553473,3.9,5216,7077,2210,11389,
2014,61,3,Arizona,34.1,33.4,29.5,1537671,1506416,4510186,5110890,10.1,37516,73232,7502,86028,
2014,42,4,Arkansas,40.3,40.1,37.5,852642,848592,2117881,2263040,4,17756,28192,21743,55287,
2014,71,5,California,30.7,29.9,24.7,7513972,7317581,24440416,29646675,16.8,136088,0,87104,223192,
2014,62,6,Colorado,54.7,53.7,49.4,2080071,2041020,3800664,4128890,7.2,19121,0,10067,29188,
2014,1,7,Connecticut,42.5,42.3,38.5,1096556,1089880,2577311,2828791,8.2,16113,0,2564,18677,
2014,11,8,Delaware,34.9,34.3,31.8,238110,234038,681526,735156,5.1,6625,15665,676,16073,
2014,55,9,District of Columbia,35.7,35.3,32,177176,175071,495899,547228,9.4,0,0,0,0,
2014,43,10,Florida,43.3,42.8,37.6,6026802,5951561,13914216,15816663,10.6,95671,227087,4519,227359,
2014,44,11,Georgia,38.6,38.2,33.8,2596947,2567761,6725041,7601982,7.1,50499,471067,25547,339844,
2014,82,12,Hawaii,36.5,36.2,32.9,369554,366125,1012123,1113693,8.6,5721,0,0,5721,
2014,63,13,Idaho,39.8,39.3,36.5,445307,439830,1119882,1205611,4.6,7901,33450,4217,30850,
2014,21,14,Illinois,40.8,40.2,36.6,3680417,3627690,9028752,9922399,8.5,46465,0,0,46465,
2014,22,15,Indiana,28.7,27.8,26.7,1387622,1341814,4829510,5033872,3.5,28638,0,0,28638,
2014,31,16,Iowa,50.3,49.8,47.3,1142284,1129700,2269179,2386733,3.6,8686,29929,5769,31215,
2014,32,17,Kansas,43.3,42.5,39.8,887023,869502,2048164,2184712,5.2,9326,16328,4051,22521,
2014,51,18,Kentucky,44.9,44.2,42.2,1459409,1435868,3247300,3406506,2.7,21402,54107,16729,68431,
2014,45,19,Louisiana,44.9,43.9,41.5,1503975,1472039,3349433,3545845,3,37881,40979,29619,90448,
2014,2,20,Maine,58.7,58.1,57,616996,611255,1051557,1071521,1.9,0,0,0,0,
2014,52,21,Maryland,42,41.7,37.3,1745104,1733177,4154546,4645171,8.9,20388,79539,11537,76467,
2014,3,22,Massachusetts,44.7,44.1,40.2,2186789,2158326,4896296,5369534,8.6,10014,0,0,10014,
2014,23,23,Michigan,43.2,42.7,41,3188956,3156531,7383958,7700110,3.5,42900,0,0,42900,
2014,33,24,Minnesota,50.6,50.4,47.2,1992613,1981511,3935121,4194166,4.5,10003,97661,6642,71335,
2014,46,25,Mississippi,,29,27.9,,631858,2181131,2267463,1.7,18756,34398,9883,47902,
2014,34,26,Missouri,33.6,31.7,30.5,1509025,1426303,4493722,4682458,2.4,31432,47303,18495,76417,
2014,64,27,Montana,47.5,46.9,46.1,373831,369826,787748,802644,1.4,3681,0,0,3681,
2014,35,28,Nebraska,41.4,40.5,38,552115,539891,1334453,1419489,5,5221,12940,1067,13534,
2014,65,29,Nevada,29.6,29.3,25.2,552546,547349,1867644,2173640,12.9,12537,12027,5927,25199,
2014,4,30,New Hampshire,48.3,47.6,46,495565,488159,1025862,1061054,3,2867,0,0,2867,
2014,12,31,New Jersey,32.5,31.1,27,1955042,1869535,6014127,6936661,11.9,20255,115898,14889,100047,
2014,66,32,New Mexico,,35.4,32.3,,512805,1449503,1586442,7.5,6879,16060,2255,18128,
2014,13,33,New York,29,28.2,24.6,3930310,3819010,13553426,15544111,12.2,48376,0,44889,93265,
2014,47,34,North Carolina,41.2,40.8,37.9,2939767,2915281,7143737,7693406,5.9,35726,90918,10025,96665,
2014,36,35,North Dakota,45,43.8,42.7,255128,248670,567221,582205,2.3,1700,0,0,1700,
2014,24,36,Ohio,36.2,35.1,34.1,3149876,3055913,8701243,8969074,2.4,51024,0,0,51024,
2014,53,37,Oklahoma,30,29.9,28.1,825607,824831,2755091,2940437,4.7,27650,28568,2560,46208,
2014,72,38,Oregon,53.4,50.9,47.2,1541782,1469717,2887517,3115883,6.8,15075,0,0,15075,
2014,14,39,Pennsylvania,36.5,36.1,34.6,3535576,3495866,9689491,10100271,3.6,49643,0,0,49643,
2014,5,40,Rhode Island,42.4,41.7,38.5,329212,324055,776286,842605,7.5,3294,0,0,3294,
2014,48,41,South Carolina,35.2,34.8,33.1,1261611,1246301,3584461,3760480,3.5,20917,35096,5225,45796,
2014,37,42,South Dakota,44.7,44.3,43.1,282291,279412,630989,647810,1.6,3528,0,2611,6139,
2014,54,43,Tennessee,29.8,28.6,27.2,1430117,1374065,4799476,5060636,3.6,28495,62950,13498,77245,
2014,49,44,Texas,,28.3,23.8,,4727208,16675420,19847831,13.5,157361,388101,111412,486110,
2014,67,45,Utah,30.3,29.7,27.5,577973,565970,1905801,2054936,6.9,6824,0,0,6824,
2014,6,46,Vermont,40.8,38.9,38.1,202445,193087,495884,507304,2.3,0,0,0,0,
2014,40,47,Virginia,36.8,36.6,33.7,2194346,2184473,5962456,6489957,7.1,36943,54966,1732,69456,
2014,73,48,Washington,43.1,41.2,37.1,2123901,2029189,4928407,5467270,8.4,17345,94112,9880,79928,
2014,56,49,West Virginia,32,31.2,30.7,462864,451498,1447652,1472594,0.8,6873,7174,2749,13639,
2014,25,50,Wisconsin,56.9,56.6,53.9,2422248,2410314,4260427,4470265,3.2,22097,46212,20010,67986,
2014,68,51,Wyoming,39.7,39,37.3,171153,168390,431434,451484,3.1,2330,5196,715,5955,
2012,0,0,United States,58.6,58,53.6,130292355,129070906,222474111,240957993,8.4,1473412,2342582,637410,3352390,5127418
2012,41,1,Alabama,,58.6,56,,2074338,3539217,3707440,2.6,32232,57993,8616,71584,
2012,81,2,Alaska,58.9,58.7,55.3,301694,300495,511792,543763,3.8,5633,7173,1882,11317,
2012,61,3,Arizona,53,52.6,46.5,2323579,2306559,4387900,4959270,9.9,35188,72452,7460,81048,
2012,42,4,Arkansas,51.1,50.7,47.7,1078548,1069468,2109847,2242740,3.5,14471,30122,23372,53808,
2012,71,5,California,55.7,55.1,45.1,13202158,13038547,23681837,28913129,17.4,119455,0,89287,208742,
2012,62,6,Colorado,70.6,69.9,64.5,2596173,2569522,3675871,3981208,6.9,18807,0,11458,30265,
2012,1,7,Connecticut,61.4,61.3,55.6,1560640,1558960,2543202,2801375,8.5,16935,0,2793,19728,
2012,11,8,Delaware,,62.3,57.8,,413921,663967,715708,5.1,6610,15641,601,15501,
2012,55,9,District of Columbia,61.6,61.5,55.5,294254,293764,477582,528848,9.7,0,0,0,0,
2012,43,10,Florida,63.3,62.8,55.1,8538264,8474179,13495057,15380947,10.8,91954,240869,4538,224153,
2012,44,11,Georgia,59.3,59,52.3,3919355,3900050,6606607,7452696,7.2,52737,442061,24761,311790,
2012,82,12,Hawaii,44.5,44.2,39.9,437159,434697,982902,1088335,9.2,5544,0,0,5544,
2012,63,13,Idaho,61,59.8,55.6,666290,652274,1091410,1173727,4.6,7985,31606,3848,28584,
2012,21,14,Illinois,59.3,58.9,53.3,5279752,5242014,8899143,9827043,8.9,49348,0,0,49348,
2012,22,15,Indiana,56,55.2,52.9,2663368,2624534,4755291,4960376,3.6,28266,0,0,28266,
2012,31,16,Iowa,70.6,70.3,67.1,1589951,1582180,2251748,2356209,3.2,8470,29333,5151,29167,
2012,32,17,Kansas,58.2,56.9,53.5,1182771,1156254,2030686,2162442,5,9346,17021,5126,23493,
2012,51,18,Kentucky,56.2,55.7,53.4,1815843,1797212,3229185,3368684,2.2,21863,54511,14419,65173,
2012,45,19,Louisiana,60.8,60.2,57,2014548,1994065,3311626,3495847,2.7,40047,41298,28946,90881,
2012,2,20,Maine,69.3,68.2,67,724758,713180,1046008,1064779,1.8,0,0,0,0,
2012,52,21,Maryland,67.3,66.6,59.5,2734062,2707327,4063582,4553853,8.9,20871,96640,13195,85285,
2012,3,22,Massachusetts,66.2,65.9,60.2,3184196,3167767,4809675,5263550,8.4,10283,0,0,10283,
2012,23,23,Michigan,65.4,64.7,62,4780701,4730961,7312725,7625576,3.5,43019,0,0,43019,
2012,33,24,Minnesota,76.4,76,71.4,2950780,2936561,3861598,4114820,4.4,9383,108157,6006,72712,
2012,46,25,Mississippi,,59.3,57.2,,1285584,2166825,2246931,1.5,22305,30768,6804,45416,
2012,34,26,Missouri,,62.2,59.6,,2757323,4432957,4628500,2.5,30714,55470,20672,80785,
2012,64,27,Montana,63.5,62.5,61.6,491966,484048,774476,785454,0.9,3592,0,0,3592,
2012,35,28,Nebraska,61.1,60.3,56.9,804245,794379,1316915,1396507,4.7,4466,14260,1383,13407,
2012,65,29,Nevada,56.5,56.4,48.2,1016664,1014918,1800969,2105976,13.3,12883,11321,5379,24262,
2012,4,30,New Hampshire,70.9,70.2,67.8,718700,710972,1013420,1047978,3,2672,0,0,2672,
2012,12,31,New Jersey,62.2,61.5,53.2,3683638,3640292,5918182,6847503,12.1,21759,114886,14987,97636,
2012,66,32,New Mexico,54.8,54.6,49.8,786522,783757,1436363,1573400,7.3,6553,21381,5078,22963,
2012,13,33,New York,53.5,53.1,46.1,7128852,7074723,13324107,15344671,12.5,49889,0,46222,96111,
2012,47,34,North Carolina,65.4,64.8,60.1,4542488,4505372,6947954,7496980,6.1,35567,96070,4359,90843,
2012,36,35,North Dakota,60.4,59.8,58.7,325564,322627,539164,549955,1.7,1500,0,0,1500,
2012,24,36,Ohio,65.1,64.5,62.7,5632423,5580822,8649495,8896930,2.2,50313,0,0,50313,
2012,53,37,Oklahoma,,49.2,46.3,,1334872,2713268,2885093,4.5,25225,25506,2310,41053,
2012,72,38,Oregon,64.2,63.1,58.7,1820507,1789270,2836101,3050747,6.6,13607,0,0,13607,
2012,14,39,Pennsylvania,,59.5,57.2,,5742040,9651432,10037099,3.3,50054,0,0,50054,
2012,5,40,Rhode Island,,58,53.4,,446049,768918,834983,7.5,3249,0,0,3249,
2012,48,41,South Carolina,56.8,56.3,53.6,1981516,1964118,3486838,3662322,3.5,21895,34945,6116,46532,
2012,37,42,South Dakota,60.1,59.3,57.6,368270,363815,613190,631472,1.9,3574,0,2761,6335,
2012,54,43,Tennessee,52.3,51.9,49.4,2478870,2458577,4736084,4976284,3.3,28135,64430,13138,75421,
2012,49,44,Texas,,49.6,41.7,,7993851,16119973,19185395,13.5,157564,405473,112288,484753,
2012,67,45,Utah,56.1,55.5,51.4,1028786,1017440,1833339,1978956,7,6611,0,0,6611,
2012,6,46,Vermont,61.2,60.7,59.6,301793,299290,493355,502242,1.8,0,0,0,0,
2012,40,47,Virginia,66.6,66.1,60.7,3888186,3854489,5834676,6348827,7.1,36425,52956,1983,66475,
2012,73,48,Washington,65.8,64.8,58.6,3172939,3125516,4822060,5329782,8.2,16355,88339,8895,72070,
2012,56,49,West Virginia,,46.3,45.5,,670438,1447066,1472642,0.8,7052,8573,2052,13648,
2012,25,50,Wisconsin,,72.9,69.5,,3068434,4209370,4417273,3.2,21987,46328,20023,66564,
2012,68,51,Wyoming,59,58.6,56.4,250701,249061,425142,441726,2.5,2163,5162,762,5661,
2010,0,0,United States,41.8,41,37.8,90912015,89099476,217551109,236022989,8.5,1512225,1321051,629644,3244035,4972217
2010,41,1,Alabama,43.3,43,40.8,1503232,1494273,3472582,3661784,2.8,31587,50622,9006,86889,
2010,81,2,Alaska,52.9,51.9,48.5,261128,256192,493764,528744,4,5576,6959,2089,13601,
2010,61,3,Arizona,41.6,41,35.9,1750840,1727791,4209544,4807398,10.3,35368,52316,7993,96443,
2010,42,4,Arkansas,37.9,37.5,35.3,789773,781333,2081156,2216171,3.7,16047,26995,21106,53752,
2010,71,5,California,45.9,44,35.8,10529134,10095485,22946053,28167234,17.7,146412,0,105133,217629,
2010,62,6,Colorado,51.7,50.6,46.5,1828323,1787730,3533054,3843619,7.3,21559,0,11014,28322,
2010,1,7,Connecticut,45.9,45.9,41.7,1153872,1153115,2512981,2765843,8.4,18553,0,2894,20768,
2010,11,8,Delaware,49,47.5,44.1,316754,307402,646969,696940,5.5,6307,4448,560,11326,
2010,55,9,District of Columbia,29.6,28.9,26.2,135846,132656,458619,506765,9.5,0,0,0,0,
2010,43,10,Florida,42.2,41.7,36.3,5473787,5411106,12961184,14916066,11.2,97944,165760,4093,272113,
2010,44,11,Georgia,40.6,39.8,35.5,2623035,2576161,6464845,7255919,7.4,54710,185286,25091,254264,
2010,82,12,Hawaii,40.3,39.9,36,386302,382563,959531,1062593,9.1,5813,0,0,5912,
2010,63,13,Idaho,42.9,42.3,39.4,459079,452535,1069446,1147210,4.7,7268,13721,3957,23131,
2010,21,14,Illinois,43.1,42.4,38.3,3792770,3729989,8798829,9735944,9.1,46314,0,0,48418,
2010,22,15,Indiana,38.1,37.1,35.6,1791832,1744481,4697111,4896656,3.5,27481,0,0,28028,
2010,31,16,Iowa,50.7,49.9,47.9,1133429,1116063,2234516,2328262,3.2,9276,8862,3197,19916,
2010,32,17,Kansas,42.6,41.7,39.2,857658,838790,2011497,2137815,5.2,8741,3704,5063,15287,
2010,51,18,Kentucky,44.3,42.4,40.7,1417995,1356468,3198093,3332204,2.4,20385,25688,14628,53546,
2010,45,19,Louisiana,40,38.9,36.8,1298649,1264994,3249524,3438247,2.7,39335,42599,26202,95145,
2010,2,20,Maine,55.9,55.2,54.3,580584,572766,1038201,1055605,1.6,0,0,0,0,
2010,52,21,Maryland,46.7,46.4,41.8,1868179,1857880,4001034,4449617,8.8,21992,26164,13195,55407,
2010,3,22,Massachusetts,49.4,48.9,44.6,2319963,2297039,4693670,5152976,8.7,10429,0,0,11312,
2010,23,23,Michigan,45.1,44.5,42.7,3268217,3226088,7245281,7555742,3.5,43499,0,0,44113,
2010,33,24,Minnesota,55.8,55.4,52.1,2123369,2107021,3802677,4041199,4.5,9281,42661,5807,55361,
2010,46,25,Mississippi,,37,35.5,,788549,2129334,2220094,1.8,21067,26793,6434,51077,
2010,34,26,Missouri,45.7,44.5,42.4,1997271,1943899,4366435,4581260,2.6,30178,54916,19421,95250,
2010,64,27,Montana,48.4,47.5,46.8,367096,360341,758653,770601,1.1,3706,0,0,3716,
2010,35,28,Nebraska,38.7,37.5,35.5,503514,487988,1301483,1375023,4.7,4324,4080,941,9138,
2010,65,29,Nevada,41.4,41.3,35.3,723515,721404,1747288,2046400,13.5,12653,8067,4964,23202,
2010,4,30,New Hampshire,46.1,45.7,44.2,461423,456588,999918,1033023,2.9,2694,0,0,2761,
2010,12,31,New Jersey,37.7,36.4,31.4,2200974,2121584,5834037,6750869,12.2,25007,57517,15563,90306,
2010,66,32,New Mexico,44.7,42.8,38.8,630013,602827,1408872,1552212,7.7,6541,14855,3146,23087,
2010,13,33,New York,36.3,35.5,30.8,4763899,4658586,13135048,15111583,12.5,50668,0,48542,80927,
2010,47,34,North Carolina,39.8,39.2,36.4,2700706,2660079,6785463,7310093,6.1,38341,36740,3621,78667,
2010,36,35,North Dakota,46.6,46.2,45.3,241039,238812,516974,527497,1.7,1480,0,0,1487,
2010,24,36,Ohio,46.2,44.9,43.6,3956028,3852453,8571952,8826908,2.3,51116,0,0,51712,
2010,53,37,Oklahoma,39.1,38.8,36.4,1043507,1034767,2666767,2839030,4.4,25893,20601,2627,48167,
2010,72,38,Oregon,53.9,52.7,48.7,1487210,1453548,2760607,2984806,7,12262,0,0,14014,
2010,14,39,Pennsylvania,42.4,41.7,40.1,4055336,3987551,9565822,9946290,3.3,50116,0,0,51264,
2010,5,40,Rhode Island,45.4,44.8,41.2,346357,342290,763534,829913,7.6,3357,0,0,3357,
2010,48,41,South Carolina,40.3,39.7,37.6,1365480,1344198,3388417,3571250,3.8,23074,21144,6412,47928,
2010,37,42,South Dakota,53.9,52.9,51.5,323410,317083,599507,616113,1.9,3373,0,2843,4856,
2010,54,43,Tennessee,35.1,34.6,32.8,1620619,1601549,4622919,4878724,3.5,27213,52178,12157,85708,
2010,49,44,Texas,32.7,32.1,26.9,5066957,4979870,15514007,18487369,13.5,164507,247136,104763,473167,
2010,67,45,Utah,36.8,36.3,33.6,653274,643307,1772934,1914974,7,6536,0,0,6807,
2010,6,46,Vermont,49.8,49.4,48.5,243617,241605,488942,498254,1.9,0,0,0,0,
2010,40,47,Virginia,39.1,38.7,35.4,2214505,2189841,5660589,6194717,7.1,36020,56654,2624,95376,
2010,73,48,Washington,54.3,53.2,48.4,2565589,2511094,4724350,5190736,8.3,17331,15452,6956,37165,
2010,56,49,West Virginia,37.2,36.8,36.1,536493,529948,1442003,1468812,0.9,6673,6650,1796,14229,
2010,25,50,Wisconsin,52.4,52,49.7,2185021,2171331,4172130,4365214,3.2,22724,22602,19572,55112,
2010,68,51,Wyoming,46,45.5,43.8,190822,188463,414536,430673,2.4,2059,3231,682,5684,
2008,0,0,United States,62.2,61.6,56.9,132609063,131304731,213313508,230872030,8.4,1605448,2451085,627680,3144831,4972217
2008,41,1,Alabama,61,60.8,58.4,2105622,2099819,3454510,3595708,2.2,30508,53252,8042,61155,74079
2008,81,2,Alaska,68.3,68,64.3,327341,326197,479429,507645,3.7,5014,6708,1732,9234,60686
2008,61,3,Arizona,57.4,56.7,49.1,2320851,2293475,4046075,4673718,11.6,39589,82232,7534,84472,90036
2008,42,4,Arkansas,52.9,52.5,50,1095958,1086617,2071563,2174846,2.9,14716,31169,19908,40255,43963
2008,71,5,California,61.7,60.9,49.5,13743177,13561900,22261504,27411094,17.9,173670,0,120753,234047,486207
2008,62,6,Colorado,71.6,71,64.7,2422236,2401361,3382959,3708955,8,23274,0,11654,29101,71854
2008,1,7,Connecticut,,66.6,60.4,,1646792,2471082,2725917,8.5,20661,0,2328,21825,45799
2008,11,8,Delaware,65.8,65.6,60.6,413562,412398,628200,680493,5.3,7075,17216,551,15959,12658
2008,55,9,District of Columbia,61.7,61.5,55.2,266871,265853,432566,481971,10.3,0,0,0,0,6916
2008,43,10,Florida,66.6,66.1,57.6,8453743,8390744,12687407,14558436,11.2,102388,279760,4528,244532,451907
2008,44,11,Georgia,62.7,62.5,55.6,3940705,3924440,6281872,7063638,7.3,52719,397081,23448,262984,141001
2008,82,12,Hawaii,49,48.8,43.8,456064,453568,930067,1036088,9.7,5955,0,0,5955,20090
2008,63,13,Idaho,64.8,63.6,58.6,667506,655032,1029416,1117842,4.9,7290,49513,3361,33727,26779
2008,21,14,Illinois,64.3,63.6,57.4,5578195,5523051,8681138,9615700,9.2,45474,0,0,45474,200530
2008,22,15,Indiana,60.3,59.1,57,2805986,2751054,4653019,4826231,3,28322,0,0,28322,89605
2008,31,16,Iowa,69.7,69.4,66.9,1543662,1537123,2216094,2298515,2.6,8766,22958,3159,21825,43108
2008,32,17,Kansas,63.5,62,58.8,1264208,1235872,1991759,2100084,4.2,8539,16263,4958,19150,42495
2008,51,18,Kentucky,59,57.9,55.7,1858578,1826508,3152629,3277617,2.2,21706,51035,12277,53362,58518
2008,45,19,Louisiana,61.8,61.2,58.7,1979852,1960761,3205794,3342279,2,38381,40025,24636,70712,68285
2008,2,20,Maine,71.8,70.6,69.6,744456,731163,1036242,1049816,1.3,0,0,0,0,21362
2008,52,21,Maryland,67.8,67,60.6,2661905,2631596,3925117,4342850,7.8,23324,96360,13220,78114,77074
2008,3,22,Massachusetts,67.3,66.8,60.9,3102995,3080985,4612550,5058035,8.6,11408,0,0,11408,77830
2008,23,23,Michigan,69.7,69.2,66.4,5039080,5001766,7229512,7528460,3.3,48738,0,0,48738,163673
2008,33,24,Minnesota,78.1,77.8,73.2,2921147,2910369,3740142,3975974,4,9910,127627,5081,76264,70063
2008,46,25,Mississippi,,61,58.9,,1289856,2113347,2190402,1.9,22754,22267,2922,35349,45082
2008,34,26,Missouri,68.2,67.6,64.9,2950504,2925205,4327572,4507688,2.5,30186,57360,20683,69208,96710
2008,64,27,Montana,67.1,66.3,65.1,497599,491960,741853,755384,1.3,3545,0,0,3545,22898
2008,35,28,Nebraska,63.7,62.9,59.4,811923,801281,1274719,1348048,4.3,4520,19606,846,14746,27311
2008,65,29,Nevada,57.2,57,48.4,970019,967848,1696831,2000277,14.1,12743,13337,3908,21366,45656
2008,4,30,New Hampshire,72.5,71.7,69.6,719643,710970,992226,1021787,2.6,2702,0,0,2702,25558
2008,12,31,New Jersey,67.7,67,58.2,3910220,3868237,5776527,6651284,11.7,25953,128737,15849,98246,110559
2008,66,32,New Mexico,61.2,60.9,55.1,833365,830158,1362629,1505830,8.3,6402,20883,3724,18706,31444
2008,13,33,New York,59.6,59,51.4,7721718,7640640,12948969,14876971,12.4,60347,0,52225,86460,263787
2008,47,34,North Carolina,66.1,65.5,60.7,4354571,4310789,6584302,7096503,5.9,39482,109678,3409,96026,133483
2008,36,35,North Dakota,63.6,62.7,61.7,321133,316621,504762,512768,1.3,1452,0,0,1452,11179
2008,24,36,Ohio,67.8,66.9,65.1,5773777,5698260,8513079,8757453,2.2,51686,0,0,51686,174703
2008,53,37,Oklahoma,56.3,55.8,52.8,1474694,1462661,2619121,2770219,4,25864,27940,3073,41371,57046
2008,72,38,Oregon,68.3,67.7,62.7,1845251,1827864,2700327,2916246,6.9,14167,0,0,14167,63480
2008,14,39,Pennsylvania,64.2,63.6,61.3,6071357,6012692,9457942,9813664,3.1,49215,0,0,49215,203791
2008,5,40,Rhode Island,62.3,61.8,57.1,475428,471766,763608,825786,7,4045,0,0,4045,13827
2008,48,41,South Carolina,58.2,58,55.3,1927153,1920969,3311044,3473488,3.4,24326,41254,1947,45927,72241
2008,37,42,South Dakota,65.6,64.7,63.4,387449,381975,590720,602539,1.2,3342,0,2720,4702,20144
2008,54,43,Tennessee,57.4,57,54.5,2618238,2599749,4563192,4771926,3.1,27228,58109,10578,61572,127930
2008,49,44,Texas,,54.1,45.5,,8077795,14929810,17756112,13.5,172506,427080,102921,437507,549216
2008,67,45,Utah,57.1,56,51.8,971185,952370,1700286,1840087,7.2,6552,0,0,6552,31783
2008,6,46,Vermont,67.7,67.3,66,326822,325046,482677,492610,2,0,0,0,0,10546
2008,40,47,Virginia,67.6,67,61.8,3753059,3723260,5555415,6022123,6.6,38276,53614,4471,67319,124689
2008,73,48,Washington,67.3,66.6,60.3,3071587,3036878,4561163,5032960,7.8,17926,113134,11768,80377,138296
2008,56,49,West Virginia,51.2,49.9,49.1,731691,713362,1430439,1453045,0.8,6059,8283,2005,11203,33788
2008,25,50,Wisconsin,72.7,72.4,69.3,2997086,2983417,4120694,4306876,3,23379,50418,18105,57641,78721
2008,68,51,Wyoming,63.1,62.8,60.9,256035,254658,405732,418040,1.7,2084,5438,727,5167,13832
2006,0,0,United States,41.3,40.4,37.2,85769132,83815592,207643594,225485399,8.6,1566526,2418574,587305,3363118,4417527
2006,41,1,Alabama,,37.5,35.9,,1250401,3338467,3513952,2.3,28241,55766,7795,63919,
2006,81,2,Alaska,51.2,51,47.8,238307,237322,465169,492452,4.5,5069,6095,973,9090,
2006,61,3,Arizona,39.6,38.9,33.3,1553032,1526782,3923786,4490327,12.6,35892,73265,6213,78738,
2006,42,4,Arkansas,38.9,38.7,36.4,780409,774680,2004193,2130080,3.3,13729,31508,16666,46149,
2006,71,5,California,41.2,40.2,32.2,8899059,8679416,21582217,26739781,18.9,175512,0,111744,287256,
2006,62,6,Colorado,48.1,47.3,43.1,1586105,1558405,3297308,3569901,8,22481,0,8196,30677,
2006,1,7,Connecticut,47.7,46.6,42.5,1162391,1134780,2437559,2683538,7.9,20566,0,2571,23137,
2006,11,8,Delaware,42.9,42.3,39,258053,254099,601341,659410,5.3,7206,16958,600,16285,
2006,55,9,District of Columbia,28.7,28.3,25.5,122356,120620,426612,466827,9.7,0,0,0,0,
2006,43,10,Florida,40.1,39.6,34.3,4884544,4829270,12187858,14211669,11.8,92969,272977,4785,234243,
2006,44,11,Georgia,35.1,34.7,30.7,2143845,2122258,6115331,6799654,7.4,52792,422790,22851,287038,
2006,82,12,Hawaii,38.4,37.9,34.6,348988,344315,908925,1012975,8.1,5967,0,0,5967,
2006,63,13,Idaho,46.2,45.4,42,458927,450832,993010,1072895,4.4,7124,48609,2482,33911,
2006,21,14,Illinois,41.4,40.2,36.3,3586292,3486671,8667453,9483856,9.2,45106,0,0,45106,
2006,22,15,Indiana,37.7,36.6,35.2,1719351,1666922,4559294,4743856,3.1,26091,0,0,26091,
2006,31,16,Iowa,49.2,48.1,46.3,1071509,1048033,2178322,2267991,2.8,8875,22622,3560,23746,
2006,32,17,Kansas,44.3,43.6,41.1,864083,849700,1948850,2062668,4.7,8816,15518,4666,21241,
2006,51,18,Kentucky,44.2,40.4,39,1370062,1253526,3100828,3218000,1.9,20000,41162,10162,50743,
2006,45,19,Louisiana,31.4,29.7,28.3,954896,902498,3043573,3239317,2,37012,38057,24072,80113,
2006,2,20,Maine,,54.2,53.3,,550865,1016287,1037200,1.7,0,0,0,0,
2006,52,21,Maryland,47.2,46.7,42.2,1809237,1788316,3833349,4261205,7.9,22945,75698,14271,75065,
2006,3,22,Massachusetts,49.3,48.8,44.4,2243835,2219779,4552794,4970780,8.7,11032,0,0,11032,
2006,23,23,Michigan,52.8,52.1,49.9,3852008,3801256,7292624,7532918,3.6,51577,0,0,51577,
2006,33,24,Minnesota,60.5,60.1,56.4,2217552,2202987,3667707,3896561,4.2,9108,127289,4007,76760,
2006,46,25,Mississippi,,29.4,28.5,,610921,2077420,2154112,1.3,21068,24107,1970,35092,
2006,34,26,Missouri,51.2,50,48.1,2178278,2128459,4253541,4427266,2.2,30167,54963,18374,76023,
2006,64,27,Montana,57.1,56.4,55.6,411061,406505,720447,734669,1,3572,0,0,3572,
2006,35,28,Nebraska,48.8,47.6,45.1,610499,596087,1251027,1325932,4.3,4407,18731,662,14435,
2006,65,29,Nevada,37.1,36.9,31.1,586274,582572,1579222,1907976,14.4,12901,13208,3518,23023,
2006,4,30,New Hampshire,42.9,41.4,39.9,418550,403531,975281,1006234,3.4,2805,0,0,2805,
2006,12,31,New Jersey,40.6,39.5,34.1,2315643,2250070,5701033,6565183,12,27371,132636,13874,107563,
2006,66,32,New Mexico,43.1,42.5,38.6,568597,561084,1320285,1464560,8,6639,16493,2831,17717,
2006,13,33,New York,36.5,34.9,30.3,4703830,4490053,12878632,14665626,12.4,63315,0,53533,116848,
2006,47,34,North Carolina,32.5,31,28.7,2036451,1940808,6264630,6799585,5.8,37460,110419,3101,95771,
2006,36,35,North Dakota,45.4,44.9,44.1,220479,218152,486142,503647,1.5,1363,0,0,1363,
2006,24,36,Ohio,49.5,47.5,46.3,4184072,4022754,8461211,8687609,2.2,49166,0,0,49166,
2006,53,37,Oklahoma,,36.4,34.3,,926462,2547224,2709819,3.9,26243,27415,4329,44280,
2006,72,38,Oregon,53.2,52.5,48.4,1399650,1379475,2628937,2829482,7.3,13707,0,0,13707,
2006,14,39,Pennsylvania,,44.1,42.6,,4096077,9283762,9680466,3,44397,0,0,44397,
2006,5,40,Rhode Island,52.1,51,46.7,392882,384993,754219,824887,8.1,3996,0,0,3996,
2006,48,41,South Carolina,35.4,34.6,33.1,1117311,1091952,3152046,3332190,3.2,23616,38353,3072,45865,
2006,37,42,South Dakota,58.8,57.8,56.4,341105,335508,580592,589178,1.4,3359,0,2444,5803,
2006,54,43,Tennessee,42.1,41.4,39.5,1868363,1833695,4433921,4641909,3.1,25745,52558,8630,60654,
2006,49,44,Texas,,30.9,25.8,,4399068,14255313,17029802,13.4,172116,431967,101916,490016,
2006,67,45,Utah,35,34.3,31.8,582561,571252,1664323,1752158,7.1,6430,0,0,6430,
2006,6,46,Vermont,55,54.9,53.8,263025,262726,478247,487141,2,0,0,0,0,
2006,40,47,Virginia,44.5,44,40.6,2398589,2370445,5385522,5867219,6.7,36688,48144,4499,65259,
2006,73,48,Washington,47.3,47.3,42.7,2085074,2083734,4403981,4861001,8,17561,108076,11568,83167,
2006,56,49,West Virginia,33.8,32.8,32.3,473014,459884,1401490,1439052,0.7,5733,7668,1416,10983,
2006,25,50,Wisconsin,53.7,53.2,50.8,2183155,2161700,4064432,4240696,2.9,23431,55806,15907,67241,
2006,68,51,Wyoming,51.8,51.1,49.4,196217,193892,379127,400187,2,2114,5225,609,5336,
2004,0,0,United States,60.7,60.1,55.4,123535883,122294978,203483455,220336019,8.2,1490169,2387283,474632,3158443,3862836
2004,41,1,Alabama,57.4,57.2,55.2,1890317,1883415,3292608,3427542,1.9,26521,36795,7745,52664,
2004,81,2,Alaska,69.6,69.1,65.2,314502,312598,452124,476378,4,4515,5547,951,8240,
2004,61,3,Arizona,54.8,54.1,47,2038069,2012585,3717055,4215706,11.5,31631,69343,5671,71974,
2004,42,4,Arkansas,54.4,53.6,51,1070573,1054945,1969208,2072986,2.8,13477,29128,14844,42885,
2004,71,5,California,59.6,58.8,47.1,12589367,12421852,21132533,26246548,18.8,166053,0,110261,276314,
2004,62,6,Colorado,67.3,66.7,61.2,2148036,2129630,3192647,3443164,7.5,19756,0,7383,27139,
2004,1,7,Connecticut,66.2,65,59.7,1607808,1578769,2429634,2652587,7.3,20018,0,2552,22570,
2004,11,8,Delaware,64.5,64.2,59.4,377407,375190,584817,635370,4.7,6973,18725,539,16875,
2004,55,9,District of Columbia,54.9,54.3,48.9,230105,227586,419142,458758,10,0,0,0,0,
2004,43,10,Florida,64.7,64.4,56.1,7640319,7609810,11811921,13643828,11.2,84733,281170,4888,230206,
2004,44,11,Georgia,56.4,56.2,50,3317336,3301875,5878186,6499325,6.8,48625,419350,23344,281644,
2004,82,12,Hawaii,48.5,48.2,44.1,431662,429013,889540,982882,7.9,5946,0,0,5946,
2004,63,13,Idaho,64.8,63.2,58.7,612786,598376,946160,1016255,4.1,6312,44580,2370,30972,
2004,21,14,Illinois,62.4,61.5,55.7,5350493,5274322,8576696,9391420,9,44379,0,0,44379,
2004,22,15,Indiana,55.8,54.8,53,2512142,2468002,4504260,4660157,2.7,23760,0,0,23760,
2004,31,16,Iowa,70.6,69.9,67.4,1521966,1506908,2156389,2239979,2.6,8611,22832,3317,23344,
2004,32,17,Kansas,62.9,61.6,58.3,1213108,1187756,1928764,2032763,4.3,9152,14309,4525,20832,
2004,51,18,Kentucky,59.4,58.7,56.9,1816867,1795860,3057741,3157464,1.7,17763,33286,8006,42412,
2004,45,19,Louisiana,61.5,61.1,58.5,1956590,1943106,3182762,3379937,1.8,36745,38470,24387,80367,
2004,2,20,Maine,74.9,73.8,72.6,751519,740752,1003792,1022043,1.6,0,0,0,0,
2004,52,21,Maryland,63.1,62.9,57.2,2395791,2386705,3797264,4179376,7.2,23727,76676,14351,76416,
2004,3,22,Massachusetts,64.6,64.2,58.7,2927455,2912388,4533859,4935787,8.4,10365,0,0,10365,
2004,23,23,Michigan,67.1,66.6,63.9,4875692,4839252,7263024,7508568,3.4,48591,0,0,48591,
2004,33,24,Minnesota,78.8,78.4,73.9,2842912,2828387,3609185,3819020,3.9,8613,114226,3872,69598,
2004,46,25,Mississippi,,55.7,54.2,,1152365,2068766,2133681,1.2,20429,21324,1979,33070,
2004,34,26,Missouri,66.1,65.3,62.9,2764635,2731364,4180960,4339414,1.9,30775,53832,17400,75091,
2004,64,27,Montana,65.2,64.4,63.4,456096,450445,699114,711858,1,3800,0,0,3800,
2004,35,28,Nebraska,64.1,62.9,59.8,792906,778186,1236522,1305430,4,4042,17994,805,13844,
2004,65,29,Nevada,55.4,55.3,47.3,831563,829587,1501437,1776962,13.2,10971,12521,3610,20842,
2004,4,30,New Hampshire,71.5,70.9,68.4,683672,677738,956422,984422,3.2,2441,0,0,2441,
2004,12,31,New Jersey,64.2,63.8,55.2,3638153,3611691,5663201,6513394,11.7,28107,143315,14180,113945,
2004,66,32,New Mexico,60.4,59,53.9,775301,756304,1282767,1411419,7.4,6341,17725,2676,17880,
2004,13,33,New York,58.5,58,50.2,7448266,7391249,12738056,14598898,12.6,64596,0,54524,119120,
2004,47,34,North Carolina,58.7,57.8,53.9,3552449,3501007,6055771,6505150,5.3,34917,111537,2882,93568,
2004,36,35,North Dakota,65.5,64.8,63.8,316049,312833,482722,496479,1.3,1266,0,0,1266,
2004,24,36,Ohio,67.9,66.8,65.1,5722443,5627908,8427696,8624277,2,44770,0,0,44770,
2004,53,37,Oklahoma,,58.3,55.3,,1463758,2510823,2649994,3.4,24767,28435,4329,43314,
2004,72,38,Oregon,72.6,72,66.8,1851671,1836782,2550887,2736472,6.8,13219,0,0,13219,
2004,14,39,Pennsylvania,,62.6,60.6,,5769590,9221962,9554349,2.7,40692,0,0,40692,
2004,5,40,Rhode Island,58.9,58.5,52.9,440228,437134,747046,827513,7.6,3701,26085,368,17112,
2004,48,41,South Carolina,53.2,53,50.7,1626720,1617730,3055098,3198733,2.7,24173,38856,2217,45818,
2004,37,42,South Dakota,69.4,68.2,66.9,394930,388215,569161,576472,1.4,3101,0,0,3101,
2004,54,43,Tennessee,56.8,56.3,54.1,2456610,2437319,4328446,4496929,2.6,25834,47392,8410,57940,
2004,49,44,Texas,,53.7,45.4,,7410765,13796256,16284659,12.5,169110,428773,102072,485569,
2004,67,45,Utah,59.8,58.9,54.7,942010,927844,1574463,1664066,6.8,5802,0,0,5802,
2004,6,46,Vermont,66.7,66.3,65,314220,312309,470754,480053,2.1,0,0,0,0,
2004,40,47,Virginia,61.1,60.6,56.2,3223156,3198367,5277156,5699175,6.2,35472,43470,4392,61599,
2004,73,48,Washington,67.5,66.9,60.8,2883499,2859084,4272914,4683829,7.4,16559,125222,120,79290,
2004,56,49,West Virginia,55.1,54.1,53.4,769645,755887,1396545,1425689,0.6,4980,6977,1216,9685,
2004,25,50,Wisconsin,75.3,74.8,71.6,3016288,2997007,4006948,4172068,2.7,22905,54970,13883,64273,
2004,68,51,Wyoming,66.3,65.7,63.7,245789,243428,370785,386796,1.7,1923,4418,563,4695,
2002,0,0,United States,40.5,39.5,36.3,80295249,78381943,198381939,215461549,8,1456927,2451708,485282,3168063,3308145
2002,41,1,Alabama,,41.5,40.4,,1364602,3285643,3371451,1.8,28440,39713,5309,53606,
2002,81,2,Alaska,54.5,54.2,51,232852,231484,427337,457154,3.8,4431,5229,900,7946,
2002,61,3,Arizona,36.7,35.9,30.7,1255615,1226111,3419481,3998148,11.1,30741,66485,4587,68571,
2002,42,4,Arkansas,41.7,41.3,39.7,814176,805696,1951568,2031787,2.6,12378,27377,12128,38195,
2002,71,5,California,37.3,36.1,29,7738821,7476351,20733192,25622609,18.8,163361,0,113185,276546,
2002,62,6,Colorado,46.6,46.3,42,1424029,1416093,3056465,3362098,7.2,19085,0,6215,25300,
2002,1,7,Connecticut,45.1,42.3,38.9,1090756,1022942,2418037,2617814,7.1,20525,0,2186,22711,
2002,11,8,Delaware,,41.1,37.9,,232314,564938,612919,4.4,6879,20201,551,17531,
2002,55,9,District of Columbia,,30.1,27.1,,124228,412062,458631,10,0,0,0,0,
2002,43,10,Florida,45.9,45.6,39.5,5143674,5100581,11194391,13005435,10.9,80352,291315,5223,231233,
2002,44,11,Georgia,,35.4,32.2,,2031604,5731983,6287215,6.5,47004,367349,20822,251501,
2002,82,12,Hawaii,44.2,43.8,40.2,385462,382110,872992,950520,8,5635,0,0,5635,
2002,63,13,Idaho,45.2,44.7,42,416533,411477,921256,970916,4,5825,31361,1961,23467,
2002,21,14,Illinois,42.8,41.4,37.7,3651808,3538883,8540965,9302571,8.9,43186,0,0,43186,
2002,22,15,Indiana,34.8,33.9,33.3,1562037,1521353,4494191,4587747,2.6,22576,0,0,22576,
2002,31,16,Iowa,48.7,47.9,45.7,1040201,1023075,2136683,2214936,2.5,8395,19970,2787,21167,
2002,32,17,Kansas,44.9,44,41.4,851966,835692,1897261,2007407,4.1,9009,15217,3990,20608,
2002,51,18,Kentucky,,37.2,36.4,,1131313,3044267,3100972,1.7,16377,24480,5968,34585,
2002,45,19,Louisiana,40.1,39.4,37.8,1267225,1246333,3163663,3312330,1.7,36091,36257,23049,77269,
2002,2,20,Maine,,50.8,50.1,,505190,995056,1001796,1.6,0,0,0,0,
2002,52,21,Maryland,46.8,46.3,41.6,1721626,1704560,3678346,4082694,6.9,24186,81982,13271,78448,
2002,3,22,Massachusetts,49.8,49.2,44.4,2220301,2194189,4458820,4919958,8.2,10511,0,0,10511,
2002,23,23,Michigan,45,44.5,42.3,3219864,3177565,7147888,7445335,3.4,49524,0,0,49524,
2002,33,24,Minnesota,,64.1,59.7,,2254639,3518184,3745577,3.8,7612,122692,3577,72535,
2002,46,25,Mississippi,,30.1,29.2,,615609,2047426,2099698,1.1,20542,16633,1816,30675,
2002,34,26,Missouri,,45.6,43.9,,1877620,4116889,4262146,1.9,30649,54584,13533,71474,
2002,64,27,Montana,49.7,48.4,47.7,340272,331321,684572,690652,1,3440,0,0,3440,
2002,35,28,Nebraska,,39.9,37.3,,480991,1204512,1285024,3.8,4103,16468,574,12911,
2002,65,29,Nevada,36.8,36.2,31.1,512433,504079,1391100,1640679,12.7,10527,12290,3971,20643,
2002,4,30,New Hampshire,48.7,48.1,46,453078,447135,930362,960401,3,2483,0,0,2483,
2002,12,31,New Jersey,38.9,38.1,32.6,2161105,2112604,5549726,6448445,11.5,28213,134290,12576,107934,
2002,66,32,New Mexico,40,38.6,35.7,502230,484229,1255086,1360130,7,6173,16287,1962,16279,
2002,13,33,New York,37,36.1,31.4,4690968,4579078,12679865,14504792,12.6,65914,0,55990,121904,
2002,47,34,North Carolina,,39.7,37.2,,2331181,5876705,6314679,5,33334,112900,2805,92589,
2002,36,35,North Dakota,49.8,48.5,47.6,237224,231030,476251,486797,1.2,1168,0,0,1168,
2002,24,36,Ohio,40.3,38.8,37.6,3356285,3228992,8322521,8556557,1.9,45831,0,0,45831,
2002,53,37,Oklahoma,,41.2,39.6,,1035620,2513143,2610016,3.3,23004,29881,3573,41518,
2002,72,38,Oregon,51.8,50.8,47.2,1293756,1267221,2495739,2674581,6.7,12422,0,0,12422,
2002,14,39,Pennsylvania,,38.8,37.3,,3545431,9143001,9454338,2.6,40545,0,0,40545,
2002,5,40,Rhode Island,45.4,44.7,40.1,337027,331834,741776,819310,7.4,3569,25914,384,16910,
2002,48,41,South Carolina,,36.9,35.6,,1102010,2982810,3100548,2.6,24247,41574,3491,48525,
2002,37,42,South Dakota,61.2,60.7,59.7,340407,337497,556154,564305,1.3,3059,0,0,3059,
2002,54,43,Tennessee,,39.6,37.3,,1644741,4151834,4393757,2.5,25409,42712,7949,54714,
2002,49,44,Texas,34.5,34.2,28.8,4552059,4514012,13181016,15718593,12.1,164222,434486,103068,484533,
2002,67,45,Utah,37.8,37,35,568290,557153,1504529,1601707,6.5,5594,0,0,5594,
2002,6,46,Vermont,49.4,48.8,48.1,232993,230161,471403,472402,2.1,0,0,0,0,
2002,40,47,Virginia,32.3,29,26.9,1661915,1489422,5138270,5536511,6,34733,40359,4530,59443,
2002,73,48,Washington,43.5,41.8,37.9,1808720,1739116,4162032,4553733,7.3,16284,171603,95,102181,
2002,56,49,West Virginia,31.5,31.2,30.8,440156,436183,1398124,1413580,0.6,4703,6430,999,8917,
2002,25,50,Wisconsin,,45.4,43.2,,1775349,3908088,4094028,2.6,22366,54614,11088,60761,
2002,68,51,Wyoming,50.8,50.1,49.2,188028,185459,370488,376121,1.6,1809,4596,570,4677,
2000,0,0,United States,55.3,54.2,50,107390107,105375486,194331436,210623408,7.7,1377013,2339388,536039,3082746,2937000
2000,41,1,Alabama,,51.6,50.1,,1672551,3241682,3334576,1.5,26225,40178,5484,51798,
2000,81,2,Alaska,68.7,68.1,65,287825,285560,419111,440296,3.4,4173,4779,525,7088,
2000,61,3,Arizona,46.4,45.6,40.2,1559520,1532016,3357701,3816498,10.3,26510,59810,3474,59889,
2000,42,4,Arkansas,,47.9,46,,921781,1925961,2001774,2.3,11915,28409,8659,34779,
2000,71,5,California,56.6,55.7,44.1,11142843,10965849,19685258,24867252,18.8,163001,0,117647,280648,
2000,62,6,Colorado,,57.5,53.7,,1741368,3026316,3246521,6.7,16833,0,5500,22333,
2000,1,7,Connecticut,62.5,61.9,56.6,1474103,1459525,2357687,2575243,6.6,18355,47636,1868,44041,
2000,11,8,Delaware,,59,54.9,,327529,554863,594256,3.9,6921,20052,579,17526,
2000,55,9,District of Columbia,,48.3,43.9,,201355,416696,458301,10.2,7456,0,0,7456,
2000,43,10,Florida,57.5,55.9,47.9,6138765,5963110,10667193,12475387,10.4,71319,296139,5982,225371,
2000,44,11,Georgia,47.6,45.8,42.4,2684951,2583208,5639668,6087332,5.9,44232,321407,21556,226492,
2000,82,12,Hawaii,44.6,44.2,39.9,371113,367951,832642,923737,8.1,5053,0,0,5053,
2000,63,13,Idaho,58.9,57.2,53.5,516647,501615,877406,935443,3.8,5535,35103,1409,24496,
2000,21,14,Illinois,58.5,56.2,51.4,4932192,4742123,8432600,9208908,8.7,45281,0,0,45281,
2000,22,15,Indiana,50.8,49.3,48.3,2246348,2182295,4424909,4527523,2.3,20125,0,0,20125,
2000,31,16,Iowa,,63.2,59.6,,1315563,2082950,2199529,2.4,7955,21147,2763,21292,
2000,32,17,Kansas,56.7,55.6,54,1092716,1072216,1927950,1983933,3.9,8344,0,3829,12173,
2000,51,18,Kentucky,53.1,52.2,50.4,1568058,1544107,2955628,3059582,1.5,14919,19620,4614,29343,
2000,45,19,Louisiana,56.7,56.4,54.2,1776133,1765656,3130267,3260060,1.6,35207,35854,22860,75994,
2000,2,20,Maine,,67.2,66.4,,651817,969292,979314,1.5,0,0,0,0,
2000,52,21,Maryland,55.8,55.5,51,2036455,2025480,3649631,3972224,6.4,23538,81523,13666,77966,
2000,3,22,Massachusetts,60.6,59.9,55.4,2736006,2704984,4517052,4870470,8,0,0,0,0,
2000,23,23,Michigan,60.5,59.9,57.3,4279299,4232501,7070702,7370524,3.3,47718,0,0,47718,
2000,33,24,Minnesota,70.1,69.5,66.4,2458303,2438657,3506432,3662005,3.7,6238,115906,3072,67263,
2000,46,25,Mississippi,,49.1,47.8,,994184,2024650,2076861,1,20241,15118,1596,29396,
2000,34,26,Missouri,,58.2,56.2,,2359892,4052255,4190073,1.8,27382,53299,12563,66595,
2000,64,27,Montana,62.6,61.6,60.6,417916,410986,667525,676065,0.9,3105,0,0,3105,
2000,35,28,Nebraska,57.8,56.9,55,707223,696983,1224178,1266496,3.4,3895,21483,476,15113,
2000,65,29,Nevada,45.6,45.2,40.2,613360,608970,1346116,1523209,11.8,10063,12189,4056,20214,
2000,4,30,New Hampshire,65,63.9,60.7,578656,569081,890622,934176,2.7,2257,0,0,2257,
2000,12,31,New Jersey,58.8,56.9,50.1,3293378,3187226,5601788,6356954,11,29784,130610,11709,106798,
2000,66,32,New Mexico,49.9,48.5,45.4,615607,598605,1234088,1318129,6.4,5342,10461,1670,12243,
2000,13,33,New York,56.2,55.1,47.5,6960215,6821999,12380208,14344348,12.7,70198,0,57858,128056,
2000,47,34,North Carolina,52.5,50.7,47.5,3015964,2911262,5744241,6143214,4.6,31532,105949,3352,87859,
2000,36,35,North Dakota,61.1,60.3,59.7,292249,288256,477968,482078,1.2,1076,0,0,1076,
2000,24,36,Ohio,57.8,56.7,55.4,4795989,4705457,8295592,8487355,1.8,45833,0,0,45833,
2000,53,37,Oklahoma,,49.9,48,,1234229,2475220,2568304,2.9,23181,30969,1825,40491,
2000,72,38,Oregon,65.9,64.9,59.1,1559215,1533968,2364402,2595354,6.4,10580,0,0,10580,
2000,14,39,Pennsylvania,,54.1,52.3,,4912185,9086897,9375146,2.4,36847,0,0,36847,
2000,5,40,Rhode Island,54.7,54.2,50.7,412074,408783,753877,804417,6.9,3286,20922,331,14078,
2000,48,41,South Carolina,48.7,47,45.7,1433533,1382717,2944326,3025380,2.2,21778,44632,4378,48472,
2000,37,42,South Dakota,58.7,57.7,56.9,322159,316269,548498,554875,1.2,2616,0,0,2616,
2000,54,43,Tennessee,50.5,49.9,48.1,2100241,2076181,4162996,4316391,2.2,22166,40682,8093,50600,
2000,49,44,Texas,49.2,49.2,42.4,6407637,6407037,13033081,15138468,11.4,166719,441848,111719,499362,
2000,67,45,Utah,54.8,53.8,50.3,784582,770754,1431668,1534950,6.1,5632,0,0,5632,
2000,6,46,Vermont,64.7,64.1,63.1,297146,294308,459174,463503,2,0,0,0,0,
2000,40,47,Virginia,55,54,50.9,2789808,2739447,5069265,5389008,5.6,30168,33955,5148,52294,
2000,73,48,Washington,61.4,60.7,56.2,2517028,2487433,4098044,4419907,6.9,14915,154466,160,92308,
2000,56,49,West Virginia,,46.6,46.1,,648124,1390365,1405021,0.6,3856,6216,1112,8076,
2000,25,50,Wisconsin,,67.6,64.5,,2598607,3842044,4016401,2.4,20612,53242,9923,57156,
2000,68,51,Wyoming,61.4,59.2,58.2,221685,213726,361078,366639,1.5,1680,4115,514,4252,
1998,0,0,United States,39.3,38.1,35.3,74825832,72537000,190419570,205313182,7.3,1285469,2236975,515924,2919881,2937000
1998,41,1,Alabama,,41.2,40,,1317842,3202052,3293917,1.3,22676,40379,5221,48087,
1998,81,2,Alaska,55.6,54.6,52,227156,223300,408758,429317,3.2,4097,4274,478,6712,
1998,61,3,Arizona,32.1,31.5,28,1037550,1017616,3232815,3628841,9.4,25311,51329,3742,54718,
1998,42,4,Arkansas,,37.5,36.2,,706011,1882181,1951741,1.9,10638,28698,6979,31966,
1998,71,5,California,44.7,43.5,35,8617649,8381871,19264556,23980067,18.5,161904,0,108424,270328,
1998,62,6,Colorado,,46.1,43,,1327235,2879973,3085075,6,14312,0,5204,19516,
1998,1,7,Connecticut,43.7,42.7,39.3,1022453,999537,2340956,2544417,6.2,17605,55000,1396,46501,
1998,11,8,Delaware,,33.4,31.3,,180527,540896,576849,3.4,5558,20030,572,16145,
1998,55,9,District of Columbia,34.5,34,29.9,137523,135501,398318,452668,9.8,9829,0,0,9829,
1998,43,10,Florida,38.4,37.4,33,4070262,3965751,10590870,12001902,10,67224,283965,6487,215694,
1998,44,11,Georgia,34.6,33.7,30.8,1842145,1792880,5326337,5828114,5.2,39262,278669,20482,199079,
1998,82,12,Hawaii,49.6,49,44.8,412520,407556,832172,910645,8.1,4924,0,0,4924,
1998,63,13,Idaho,45.8,45.2,42.5,386720,381248,843914,896422,3.5,4083,31172,1309,20978,
1998,21,14,Illinois,42.7,41,37.4,3541379,3394521,8285614,9070725,8.2,43051,0,0,43051,
1998,22,15,Indiana,37.2,36.5,35.6,1618689,1588617,4348730,4457578,2,19197,0,0,19197,
1998,31,16,Iowa,46.1,45.3,43.9,973032,956415,2112132,2176940,2.1,7394,18447,2194,18812,
1998,32,17,Kansas,39.7,38.8,37.2,743288,727236,1873438,1955236,3.5,8183,0,6025,14208,
1998,51,18,Kentucky,41.5,39.1,38.2,1215053,1145414,2930780,2999287,1.3,14987,17594,4508,28292,
1998,45,19,Louisiana,32,31.3,30.1,990243,969165,3097660,3216121,1.6,32228,33028,18759,67501,
1998,2,20,Maine,,51.6,50.8,,486808,943577,957916,1.5,0,0,0,0,
1998,52,21,Maryland,43.6,43,39.6,1556994,1535978,3571087,3879108,6,22572,78051,15528,77126,
1998,3,22,Massachusetts,43.7,43,39.7,1935277,1903336,4430939,4793966,7.6,0,0,0,0,
1998,23,23,Michigan,44.9,43.4,41.7,3143432,3036886,7005306,7276123,3.1,45879,0,0,45879,
1998,33,24,Minnesota,62.3,61.9,58.8,2105343,2091766,3378089,3555108,3.3,5572,100818,2995,58976,
1998,46,25,Mississippi,,27.6,27,,550694,1995283,2038324,0.9,16678,11530,1489,23932,
1998,34,26,Missouri,,39.6,38.4,,1576857,3978146,4106478,1.7,24974,49992,10366,60336,
1998,64,27,Montana,51.8,50.7,50,338733,331551,653998,662582,0.9,2734,0,0,2734,
1998,35,28,Nebraska,48.6,45.5,43.7,581775,545238,1197953,1247656,3,3676,16527,624,12564,
1998,65,29,Nevada,35.7,35.3,31.1,440042,435790,1233386,1402851,10.7,9651,12561,4055,19987,
1998,4,30,New Hampshire,37.6,36.3,35.3,330555,318940,878508,903630,2.5,2169,0,0,2169,
1998,12,31,New Jersey,34.4,32.9,29,1894496,1813094,5505229,6261197,10.3,31121,129377,13218,109028,
1998,66,32,New Mexico,43.1,41.6,38.8,517355,498703,1199320,1286104,5.8,4985,10397,1773,11957,
1998,13,33,New York,40.7,38.6,33.5,4989877,4735236,12263356,14139223,12.4,70001,0,59548,129549,
1998,47,34,North Carolina,,35.8,33.8,,2012143,5624292,5948653,3.9,31961,105227,5806,90381,
1998,36,35,North Dakota,45.7,44.9,44.3,217584,213358,475629,481790,1.1,915,0,0,915,
1998,24,36,Ohio,42.9,41.3,40.4,3534782,3404351,8237516,8424249,1.6,48450,0,0,48450,
1998,53,37,Oklahoma,,36.2,34.7,,873585,2415036,2518285,2.6,20892,29093,1532,36971,
1998,72,38,Oregon,49,47.2,44.2,1160400,1117747,2370381,2526500,5.8,8927,0,0,8927,
1998,14,39,Pennsylvania,,33.3,32.5,,3025152,9075961,9314795,2.2,36377,0,0,36377,
1998,5,40,Rhode Island,42.8,42.3,38.8,309835,306445,723772,790726,6.6,3445,21049,432,14402,
1998,48,41,South Carolina,38.7,38.1,36.7,1092430,1077135,2825173,2931120,1.9,21764,46482,4404,49409,
1998,37,42,South Dakota,49.8,49,48.3,266355,262111,534711,543074,1.1,2422,0,0,2422,
1998,54,43,Tennessee,25.1,23.9,23.1,1026017,976236,4092745,4217608,1.9,17738,38924,7605,44805,
1998,49,44,Texas,,29.9,25.8,,3738078,12490423,14504988,10.6,144510,443688,109820,476174,
1998,67,45,Utah,36.7,35.8,33.7,506553,494909,1381989,1467078,5.5,4453,0,0,4453,
1998,6,46,Vermont,50.4,49,48.1,224382,218120,444772,453574,1.9,0,0,0,0,
1998,40,47,Virginia,,23.4,22,,1148861,4900523,5222121,5.2,30276,30576,6700,52264,
1998,73,48,Washington,49.3,48.4,44.3,1939421,1902482,3930400,4294765,6.4,14161,152140,375,90606,
1998,56,49,West Virginia,29.2,25.3,25,405139,351277,1388176,1403549,0.5,3478,6511,975,7709,
1998,25,50,Wisconsin,,46.3,44.6,,1760836,3801514,3945060,2.2,18613,54232,9282,55011,
1998,68,51,Wyoming,51,49.9,48.7,178401,174888,350136,359119,1.4,1571,3825,448,3932,
1996,0,0,United States,,51.7,48.1,,96262935,186347044,200015917,6.8,1162253,1865990,491165,2586413,2499256
1996,41,1,Alabama,,48.8,47.5,,1534349,3144249,3227688,1.2,21760,37865,4966,45659,
1996,81,2,Alaska,60.7,59.8,57,245212,241620,404180,423702,3.1,3716,3999,642,6358,
1996,61,3,Arizona,46.5,45.6,41.1,1431342,1404405,3079908,3414380,8.4,22493,40607,3785,46582,
1996,42,4,Arkansas,,47.9,46.5,,884262,1844689,1903094,1.6,9407,25178,5459,27455,
1996,71,5,California,55,53.7,43.4,10263490,10019484,18644593,23076427,18.1,146049,0,99578,245627,
1996,62,6,Colorado,,54.5,51.4,,1510704,2770252,2939929,5.2,12483,0,3294,15777,
1996,1,7,Connecticut,60.4,59.6,55.1,1410746,1392614,2337160,2528212,5.8,15007,55978,1083,44079,
1996,11,8,Delaware,52.5,51.2,48.4,277418,270810,528630,559598,3,5110,16528,591,13965,
1996,55,9,District of Columbia,47.4,46.6,41.3,189210,185726,398839,450182,9.3,9376,0,0,9376,
1996,43,10,Florida,53.3,51.9,46.1,5444245,5300927,10219294,11509122,9.5,63763,237117,9243,191565,
1996,44,11,Georgia,45.8,44.4,41.4,2374650,2298899,5181708,5555577,4.4,35139,143457,21146,128014,
1996,82,12,Hawaii,45.1,43.9,40.2,370230,360120,820055,895753,8,4011,0,0,4011,
1996,63,13,Idaho,61.6,59.3,57.2,508030,489481,825329,856420,3.2,3832,0,0,3832,
1996,21,14,Illinois,53.8,52.5,48.3,4418270,4311391,8215662,8927254,7.5,38852,0,0,38852,
1996,22,15,Indiana,51,49.6,48.6,2195224,2135431,4302745,4397367,1.8,16960,0,0,16960,
1996,31,16,Iowa,59.7,58.8,57.3,1251983,1234075,2098332,2154320,1.8,6342,15386,2200,16235,
1996,32,17,Kansas,57.8,57.3,55.3,1073520,1063452,1856507,1922601,3,7756,0,0,7756,
1996,51,18,Kentucky,49.3,48.2,47.3,1419592,1388707,2880808,2938362,1.2,12910,11689,4621,23376,
1996,45,19,Louisiana,58.4,57.8,56.4,1804640,1783959,3087693,3163302,1.5,26776,0,0,26776,
1996,2,20,Maine,,65.2,64.2,,605897,929970,944106,1.5,0,0,0,0,
1996,52,21,Maryland,50.8,50.4,46.7,1793991,1780870,3530148,3817454,5.6,22050,70553,16246,73573,
1996,3,22,Massachusetts,59.3,58.4,54.2,2600278,2559180,4385268,4723380,7.2,0,0,0,0,
1996,23,23,Michigan,56.3,55.3,53.4,3912261,3848844,6954059,7201527,2.8,42349,0,0,42349,
1996,33,24,Minnesota,66.6,66.1,63.1,2211161,2192640,3319509,3473117,2.9,5158,90202,2377,52636,
1996,46,25,Mississippi,,45.9,45,,893857,1949309,1986327,0.8,13859,10376,1326,20373,
1996,34,26,Missouri,,55.1,53.5,,2158065,3919885,4035666,1.5,22003,42386,13087,56283,
1996,64,27,Montana,64.7,63.1,62.3,417232,407083,645052,652991,0.9,2293,0,0,2293,
1996,35,28,Nebraska,57.8,57,55.1,686749,677415,1188034,1230047,2.5,3287,14363,688,11157,
1996,65,29,Nevada,41.2,40.9,36.5,467657,464279,1134065,1271617,9.5,8439,9760,3216,16535,
1996,4,30,New Hampshire,60.1,58.3,56.8,513700,499053,855287,878569,2.4,2062,0,0,2062,
1996,12,31,New Jersey,56.9,56.4,50,3105110,3075860,5456334,6152216,9.6,27490,125881,14545,104976,
1996,66,32,New Mexico,49.5,47.4,44.5,579763,556074,1172262,1249597,5.3,4724,8903,1426,10602,
1996,13,33,New York,52.9,51.9,45.3,6439129,6316129,12175850,13942462,11.8,69709,0,57137,126846,
1996,47,34,North Carolina,,46.3,44,,2515807,5435970,5717844,3.3,30647,102483,12358,94247,
1996,36,35,North Dakota,57.1,56,55.3,271850,266411,475898,481497,1,722,0,0,722,
1996,24,36,Ohio,56.7,55.4,54.2,4638108,4534434,8185999,8366250,1.5,46174,0,6331,52505,
1996,53,37,Oklahoma,51.4,51,49,1218248,1206713,2368311,2461718,2.3,19593,28090,2159,35797,
1996,72,38,Oregon,60.6,59.7,56.3,1399180,1377760,2309051,2445442,5.2,8661,0,0,8661,
1996,14,39,Pennsylvania,,49.7,48.5,,4506118,9063470,9283893,2,34537,0,0,34537,
1996,5,40,Rhode Island,,54.4,49.9,,390247,717041,781307,6.4,3271,20446,573,14067,
1996,48,41,South Carolina,44.1,42.2,40.8,1203486,1151422,2731064,2825088,1.7,20446,42417,5036,46691,
1996,37,42,South Dakota,62.2,61.1,60.3,329316,323826,529793,537038,1,2063,0,0,2063,
1996,54,43,Tennessee,,47.5,46.3,,1894105,3984092,4094014,1.6,15626,37002,8934,43061,
1996,49,44,Texas,,46.5,40.4,,5611644,12072149,13887542,9.8,132383,429329,112594,459642,
1996,67,45,Utah,52.1,50.2,47.7,691016,665629,1326919,1394017,4.8,0,0,0,0,
1996,6,46,Vermont,60,59.3,58.2,261469,258449,435687,443874,1.8,0,0,0,0,
1996,40,47,Virginia,51.3,50.2,47.3,2468229,2416642,4811632,5106297,4.7,27655,29620,9918,52383,
1996,73,48,Washington,59.9,58.9,54.3,2293895,2253867,3829308,4147127,5.8,12527,125780,560,75977,
1996,56,49,West Virginia,47.1,45.9,45.5,653331,636459,1386621,1400343,0.5,2749,5669,869,6453,
1996,25,50,Wisconsin,,58.4,56.5,,2196169,3763240,3886906,2,12991,47292,8222,44859,
1996,68,51,Wyoming,62.5,61.3,59.9,215844,211571,345112,353354,1.3,1499,3432,364,3579,
1994,0,0,United States,0,41.1,38.5,,75105860,182623348,195258350,6.4,1037855,1778797,513686,2440940,2228514
1994,41,1,Alabama,,38.8,37.9,,1201969,3095745,3170782,1,19573,32284,7235,42950,
1994,81,2,Alaska,54.2,53.4,51.2,216668,213404,399435,417053,3,3292,2899,412,5154,
1994,61,3,Arizona,39.9,39.1,35.6,1153724,1129607,2892171,3169857,7.5,19746,34365,4351,41280,
1994,42,4,Arkansas,,39.8,38.8,,716840,1801161,1849361,1.3,8643,19606,5224,23670,
1994,71,5,California,48.2,46.9,38.1,8900593,8658881,18479124,22721586,17.7,125605,0,85082,210687,
1994,62,6,Colorado,44.3,42.1,40.1,1173130,1116307,2648684,2785952,4.5,10717,0,2463,13180,
1994,1,7,Connecticut,49.8,49.1,45.6,1163829,1147084,2335579,2515100,5.5,14380,53453,1146,42253,
1994,11,8,Delaware,39.3,38.8,36.8,201560,199029,512941,540474,2.6,4466,15507,1029,13249,
1994,55,9,District of Columbia,45.2,44.6,39.6,186316,183649,411886,463680,8.8,10949,0,0,10949,
1994,43,10,Florida,43.9,42.9,38.2,4305340,4206659,9810247,11016840,9.1,57168,247014,20573,201248,
1994,44,11,Georgia,,31,29.2,,1545328,4978431,5293282,3.7,33425,140694,17505,121277,
1994,82,12,Hawaii,46.6,45.6,41.8,377011,369013,808904,882189,7.9,3333,0,0,3333,
1994,63,13,Idaho,53.5,52.7,51,419330,413346,784076,809957,2.8,2811,0,0,2811,
1994,21,14,Illinois,39.4,38,35.2,3219122,3106566,8175312,8819582,6.9,36531,0,0,36531,
1994,22,15,Indiana,38,36.4,35.8,1609481,1543568,4235008,4315664,1.5,15014,0,0,15014,
1994,31,16,Iowa,49.2,48,46.9,1022372,997248,2077709,2128370,1.6,5437,15902,3696,17084,
1994,32,17,Kansas,45.5,44.7,43.4,836251,820846,1837694,1893521,2.6,6371,0,0,6371,
1994,51,18,Kentucky,29.2,27.7,27.2,827541,784299,2829881,2879413,1,11066,11417,4380,21155,
1994,45,19,Louisiana,29.4,27.2,26.6,893758,826837,3038660,3109456,1.5,24063,0,0,24063,
1994,2,20,Maine,,55.7,54.9,,511733,918204,932164,1.5,0,0,0,0,
1994,52,21,Maryland,41.3,40.5,37.6,1437450,1410299,3480270,3751305,5.2,20998,76940,14795,74263,
1994,3,22,Massachusetts,51.3,50.1,46.7,2232186,2179945,4353287,4668100,6.7,0,0,0,0,
1994,23,23,Michigan,46.3,45.1,43.6,3177740,3089077,6856388,7081498,2.6,40631,0,0,40631,
1994,33,24,Minnesota,55.2,54.5,52.4,1794618,1772929,3253779,3385687,2.5,4575,81972,1904,47465,
1994,46,25,Mississippi,32.6,31.9,31.4,621096,608085,1903794,1935054,0.7,10930,9042,1519,16970,
1994,34,26,Missouri,,46,44.8,,1775116,3858946,3958762,1.3,17898,36295,12592,48638,
1994,64,27,Montana,57.8,56.3,55.7,359455,350387,622246,629335,0.8,1764,0,0,1764,
1994,35,28,Nebraska,51,49.8,48.2,593654,579561,1164502,1201826,2,2711,18639,771,12802,
1994,65,29,Nevada,37.4,36.9,33.3,386582,380530,1032456,1143487,8.4,6993,9410,3529,15227,
1994,4,30,New Hampshire,38.5,37.6,36.6,319443,311882,829590,851104,2.3,2021,0,0,2021,
1994,12,31,New Jersey,39.5,38.1,33.9,2131328,2054887,5392423,6059401,8.9,24632,125299,41802,129084,
1994,66,32,New Mexico,43.1,41.4,39.1,485709,467621,1128243,1195183,4.9,3712,8063,1078,8822,
1994,13,33,New York,43.7,42.7,37.5,5325323,5203762,12192316,13861352,11.2,66750,0,53832,120582,
1994,47,34,North Carolina,,30.3,29,,1588190,5244552,5477604,2.6,23648,90418,20159,89016,
1994,36,35,North Dakota,51.3,50.4,49.9,240430,236547,468989,473993,0.9,563,0,0,563,
1994,24,36,Ohio,43.5,42.3,41.4,3540954,3436884,8132122,8292312,1.4,43074,0,0,43074,
1994,53,37,Oklahoma,43.1,42.7,41.3,1002363,995012,2327519,2410272,2,16631,28285,2604,33378,
1994,72,38,Oregon,56.3,54.8,52.1,1254265,1221010,2229242,2344505,4.6,6936,0,0,6936,
1994,14,39,Pennsylvania,,39.6,38.8,,3585526,9043585,9241090,1.8,28302,0,0,28302,
1994,5,40,Rhode Island,,50.5,46.5,,361377,716002,776723,6.2,2919,18179,525,12534,
1994,48,41,South Carolina,35.7,35.1,34,951901,934886,2663830,2747987,1.4,18999,40005,6077,45079,
1994,37,42,South Dakota,61.3,60.1,59.4,318090,311613,518815,524910,0.8,1708,0,0,1708,
1994,54,43,Tennessee,,38.6,37.7,,1487130,3850228,3945407,1.4,14401,34896,9353,41202,
1994,49,44,Texas,,37.5,33,,4396242,11719888,13334014,8.9,118195,396276,108563,424896,
1994,67,45,Utah,42.7,41.5,39.8,532737,517790,1248726,1302522,4.1,0,0,0,0,
1994,6,46,Vermont,50.8,49.5,48.7,216715,211449,426953,434549,1.7,0,0,0,0,
1994,40,47,Virginia,,43.6,41.3,,2057463,4718968,4983515,4.3,26968,24089,9649,48662,
1994,73,48,Washington,46.7,45.8,42.6,1733471,1700173,3715174,3994036,5.3,10833,110279,1650,67623,
1994,56,49,West Virginia,31.9,30.5,30.2,439551,420936,1379339,1392499,0.5,1930,5992,1380,6306,
1994,25,50,Wisconsin,,42.4,41.2,,1565628,3692668,3801543,1.8,10022,45901,7065,40038,
1994,68,51,Wyoming,60.5,59.8,58.6,204025,201710,337032,344492,1.2,1217,3367,313,3214,
1992,0,0,United States,0,58.1,54.7,,104405155,179655523,190777923,6,866945,1648767,491856,2183185,2417648
1992,41,1,Alabama,,55.7,54.5,,1688060,3030549,3096959,0.9,17453,31188,6934,39981,
1992,81,2,Alaska,67.1,66.3,63.6,261427,258506,389898,406653,2.9,2865,3014,710,5082,
1992,61,3,Arizona,56.7,55.7,51.3,1516276,1486975,2671933,2897181,6.5,16477,34647,3588,37389,
1992,42,4,Arkansas,,54.3,53.1,,950653,1751083,1789420,1,8285,16448,3460,19969,
1992,71,5,California,61.6,60.3,49.3,11374565,11131721,18460157,22573381,17.3,109496,0,87725,197221,
1992,62,6,Colorado,64,62.9,60.3,1597166,1569180,2494998,2602217,3.7,8997,0,2634,11631,
1992,1,7,Connecticut,69.8,68.6,64.1,1645609,1616332,2356937,2521774,5.1,11403,48567,483,36170,
1992,11,8,Delaware,58.3,58,55.3,290836,289735,499266,523661,2.2,4062,14887,1120,12626,
1992,55,9,District of Columbia,54.2,53.3,47.7,231445,227572,427102,477564,8.3,10845,0,0,10845,
1992,43,10,Florida,57.2,55.9,50.2,5438612,5314392,9506230,10591116,8.7,48302,200471,14021,162559,
1992,44,11,Georgia,,48.5,45.9,,2311253,4766958,5037354,2.9,25290,153154,23020,124887,
1992,82,12,Hawaii,48.2,46.9,43,382882,372842,795148,866114,7.9,2926,0,0,2926,
1992,63,13,Idaho,66.9,65.6,63.8,491725,482142,734855,756119,2.5,2256,0,0,2256,
1992,21,14,Illinois,63.6,62.2,58.1,5164357,5050157,8113900,8688184,6.2,31640,0,0,31640,
1992,22,15,Indiana,56.4,55.4,54.5,2347912,2305871,4162678,4230602,1.3,13945,0,0,13945,
1992,31,16,Iowa,66.1,65.8,64.5,1360856,1354607,2057690,2098809,1.3,4518,14084,2065,13625,
1992,32,17,Kansas,64.1,63.9,62.3,1161044,1157335,1810750,1857444,2.2,6028,0,0,6028,
1992,51,18,Kentucky,,53.8,53,,1492900,2772600,2814763,0.8,10364,10750,3684,19423,
1992,45,19,Louisiana,60,59.7,58.4,1799596,1790017,2997301,3063068,1.5,20980,0,0,20980,
1992,2,20,Maine,,74.3,73.1,,679499,915082,928998,1.5,0,0,0,0,
1992,52,21,Maryland,58.1,57.7,53.7,1999486,1985046,3440015,3695298,4.9,19977,82948,13058,74509,
1992,3,22,Massachusetts,64.9,63.8,59.8,2822962,2773700,4346897,4640629,6.3,0,0,0,0,
1992,23,23,Michigan,64,63,61.1,4341909,4274673,6786593,6990822,2.4,39113,0,0,39113,
1992,33,24,Minnesota,73.9,73.7,71.2,2355796,2347948,3187255,3298080,2.1,3822,72938,1901,42192,
1992,46,25,Mississippi,54.3,52.9,52.2,1008019,981793,1854797,1882100,0.6,8905,8031,2357,15278,
1992,34,26,Missouri,,63.1,61.6,,2391565,3792675,3880005,1.1,16195,32692,11671,44212,
1992,64,27,Montana,70.4,69.2,68.5,417564,410611,593345,599859,0.8,1548,0,0,1548,
1992,35,28,Nebraska,64.8,64.2,62.6,744548,737546,1149525,1178965,1.6,2514,15386,697,10904,
1992,65,29,Nevada,54.6,53.9,49.3,513387,506318,940066,1028056,7.2,6049,8533,3246,13562,
1992,4,30,New Hampshire,67,66.1,64.5,545197,537943,814160,833997,2.2,1777,0,0,1777,
1992,12,31,New Jersey,62,61.9,55.7,3348312,3343594,5398559,6000364,8.1,22653,108093,36120,112820,
1992,66,32,New Mexico,55,53.1,50.4,590901,569986,1073421,1131081,4.4,3271,6921,1331,8063,
1992,13,33,New York,57.8,56.6,50.2,7068630,6926925,12227775,13799670,10.6,61736,0,50004,111740,
1992,47,34,North Carolina,,51.4,49.7,,2611850,5077494,5259564,2,20454,86371,14415,78055,
1992,36,35,North Dakota,68.1,66.6,66,315199,308133,462631,467130,0.9,477,0,0,477,
1992,24,36,Ohio,62.5,61.3,60.2,5043094,4939967,8063595,8208502,1.3,38378,0,0,38378,
1992,53,37,Oklahoma,63.5,60.6,58.8,1455635,1390359,2293931,2366029,1.8,14821,25902,2758,30530,
1992,72,38,Oregon,69.9,68.2,65.3,1498959,1462643,2144867,2241507,4,6583,0,0,6583,
1992,14,39,Pennsylvania,,54.9,53.9,,4949810,9010940,9188416,1.7,24974,0,0,24974,
1992,5,40,Rhode Island,,62.8,58.2,,453471,721593,779266,6,2775,15585,483,11051,
1992,48,41,South Carolina,47.3,46.1,44.8,1234712,1202527,2610725,2683852,1.2,18643,35587,5325,41762,
1992,37,42,South Dakota,,66.7,66.1,,336254,503759,508841,0.7,1487,0,0,1487,
1992,54,43,Tennessee,,53.2,52,,1982638,3726024,3811036,1.1,11849,38614,11819,42975,
1992,49,44,Texas,,54.2,48.3,,6154018,11356487,12747860,8.1,60467,360702,121141,361959,
1992,67,45,Utah,67.5,64,61.8,784988,743999,1162363,1203861,3.4,0,0,0,0,
1992,6,46,Vermont,69.7,69,67.9,292797,289701,419810,426860,1.7,0,0,0,0,
1992,40,47,Virginia,,55.4,52.7,,2558665,4622125,4856799,3.9,21199,23510,11372,44326,
1992,73,48,Washington,65,64,59.8,2324907,2288230,3575852,3827227,4.7,9959,103837,7850,69728,
1992,56,49,West Virginia,,50.1,49.6,,683762,1365368,1377282,0.5,1674,5688,988,5506,
1992,25,50,Wisconsin,,69.9,68.2,,2531114,3619273,3712414,1.6,8191,40424,5560,33963,
1992,68,51,Wyoming,62.8,61.9,60.6,203602,200617,324253,331170,1.1,1063,3310,404,3122,
1990,0,0,United States,0,38.4,36.5,,67859189,176629259,186158841,5.5,761106,1489999,395140,1901246,2659455
1990,41,1,Alabama,,41.1,40.4,,1215889,2956385,3012797,0.7,15665,27686,5970,35478,
1990,81,2,Alaska,54.2,53.4,51.3,197540,194750,364419,379863,2.8,2622,3599,568,4990,
1990,61,3,Arizona,43.4,41.8,39,1094735,1055406,2523614,2705468,5.5,14861,30397,2711,32771,
1990,42,4,Arkansas,,40.7,39.9,,696209,1710799,1742746,0.7,7322,15983,3971,19285,
1990,71,5,California,43.5,42.4,34.9,7899131,7699420,18156500,22061053,17,97309,0,67562,164871,
1990,62,6,Colorado,44.2,43.2,41.8,1046139,1022027,2366650,2447513,2.9,7671,0,2396,10067,
1990,1,7,Connecticut,48.6,47.9,45,1159361,1141101,2383795,2538398,4.7,10500,46640,291,34111,
1990,11,8,Delaware,37.8,37,35.5,183977,180152,486760,507016,1.9,3471,12223,1283,10866,
1990,55,9,District of Columbia,38.9,38.3,34.5,171677,169066,441742,489808,7.8,9947,0,0,9947,
1990,43,10,Florida,,38.6,34.8,,3530871,9145312,10137720,8.3,44387,210781,2064,151842,
1990,44,11,Georgia,,31.6,30.2,,1449652,4588953,4803269,2.1,22411,134840,22646,112477,
1990,82,12,Hawaii,45.9,45.4,41.7,354144,349666,770836,838633,7.8,2533,0,0,2533,
1990,63,13,Idaho,47.6,46.5,45.3,328340,320610,690154,707535,2.2,1961,0,0,1961,
1990,21,14,Illinois,42.6,40.6,38.2,3420720,3257410,8029525,8535069,5.6,27516,0,0,27516,
1990,22,15,Indiana,38.4,36.8,36.3,1566371,1502687,4080236,4135602,1,12736,0,0,12736,
1990,31,16,Iowa,49.5,48.4,47.6,1004908,983933,2030935,2065490,1,3967,13895,2111,13026,
1990,32,17,Kansas,45.2,44.1,43.2,805251,786096,1783412,1821368,1.8,5775,0,0,5775,
1990,51,18,Kentucky,,33.6,33.2,,916010,2722356,2755670,0.6,9023,7482,3183,15947,
1990,45,19,Louisiana,,47.2,46.2,,1396113,2959148,3020682,1.4,18599,0,0,18599,
1990,2,20,Maine,,57.3,56.5,,522181,910982,924839,1.5,0,0,0,0,
1990,52,21,Maryland,34.5,32.7,30.6,1170867,1111088,3397126,3632477,4.5,17848,82898,11192,70489,
1990,3,22,Massachusetts,55.3,53.4,50.3,2424579,2341990,4384671,4660342,5.9,0,0,0,0,
1990,23,23,Michigan,39.5,38.3,37.3,2641649,2564563,6693069,6872954,2.1,34267,0,0,34267,
1990,33,24,Minnesota,58.8,57.6,56,1843104,1806777,3136830,3225335,1.7,3176,59323,1873,34711,
1990,46,25,Mississippi,,20.2,19.9,,368502,1824156,1850099,0.5,8375,8221,3478,15964,
1990,34,26,Missouri,,36.2,35.4,,1352552,3740308,3821136,0.9,14943,42322,9196,45300,
1990,64,27,Montana,57,55.7,55.1,326652,319336,573045,579158,0.8,1425,0,0,1425,
1990,35,28,Nebraska,53.4,52.5,51.4,604195,593828,1131746,1154859,1.1,2403,14654,632,10362,
1990,65,29,Nevada,38,37.4,34.6,325959,320743,858018,926572,6.1,5322,7700,2850,12022,
1990,4,30,New Hampshire,37.8,36.2,35.4,307700,294819,814549,832887,2,1342,0,0,1342,
1990,12,31,New Jersey,36.8,35.7,32.6,1998894,1938454,5429251,5951541,7.4,21128,72341,23298,80597,
1990,66,32,New Mexico,41.8,40,38.2,429509,411236,1026902,1076522,3.9,3187,6294,1224,7558,
1990,13,33,New York,35,33.1,29.5,4290261,4056896,12271903,13742688,10,54895,0,42837,97732,
1990,47,34,North Carolina,,41.9,40.8,,2069585,4938968,5073437,1.3,18411,77829,9883,67209,
1990,36,35,North Dakota,52,50.7,50.2,240301,233973,461711,465851,0.8,483,0,0,483,
1990,24,36,Ohio,45.4,43.6,42.9,3620469,3477650,7975680,8103382,1.2,31822,0,0,31822,
1990,53,37,Oklahoma,41.3,40.5,39.4,929639,911314,2251719,2313340,1.5,12285,24411,3236,27727,
1990,72,38,Oregon,55.1,54.1,52.1,1133125,1112847,2057833,2137314,3.4,6492,0,0,6492,
1990,14,39,Pennsylvania,,34.1,33.5,,3052760,8962083,9120122,1.5,22290,0,0,22290,
1990,5,40,Rhode Island,51.7,50.2,46.6,375188,364052,725084,780448,5.8,2392,15366,321,10396,
1990,48,41,South Carolina,31.3,30,29.3,793614,760965,2537384,2598170,0.9,17319,32287,3543,37006,
1990,37,42,South Dakota,,52.3,51.9,,258976,494849,499072,0.6,1341,0,0,1341,
1990,54,43,Tennessee,,21.8,21.4,,790441,3624940,3693970,0.8,10388,32719,11327,38075,
1990,49,44,Texas,,35.3,31.8,,3892746,11034190,12232761,7.2,50042,308357,109726,313947,
1990,67,45,Utah,42.2,40.7,39.6,457983,442213,1086050,1116922,2.8,0,0,0,0,
1990,6,46,Vermont,52.3,50.9,50.1,217384,211422,415564,422130,1.6,0,0,0,0,
1990,40,47,Virginia,,25.5,24.5,,1152854,4512504,4715129,3.5,17593,21303,9048,37293,
1990,73,48,Washington,39.8,38.4,36.1,1362651,1313217,3421256,3634031,4.2,7995,84817,9615,60019,
1990,56,49,West Virginia,,30,29.8,,404305,1347723,1358773,0.4,1565,5059,1000,5095,
1990,25,50,Wisconsin,,39,38.1,,1379727,3541548,3617625,1.4,7465,29370,4099,26249,
1990,68,51,Wyoming,52.5,51.2,50.2,164309,160109,312961,319255,1.1,1110,2980,313,2913,
1988,0,0,United States,0,52.8,50.3,,91594691,173579281,181955484,5.1,616785,1319935,317223,1593976,2527370
1988,41,1,Alabama,,47.5,46.7,,1378476,2901744,2949934,0.6,12610,25301,4701,29962,
1988,81,2,Alaska,57.3,56.4,54.2,203433,200116,355023,369260,2.6,2588,2994,498,4583,
1988,61,3,Arizona,49.1,47.7,44.9,1204169,1171873,2454254,2609995,5,12095,25446,1669,26487,
1988,42,4,Arkansas,,49,48.2,,827738,1689491,1717388,0.6,5519,15931,3840,17325,
1988,71,5,California,57.5,55.7,46.5,10194539,9887065,17738700,21249801,15.9,76171,0,49364,125535,
1988,62,6,Colorado,60.8,59,57.3,1416265,1372394,2327768,2396786,2.6,5765,0,1743,7508,
1988,1,7,Connecticut,61.4,60.7,57.2,1461962,1443394,2379699,2525021,4.5,8005,46086,371,31419,
1988,11,8,Delaware,54,52.9,51,254973,249891,472441,489696,1.7,3197,9576,1093,9078,
1988,55,9,District of Columbia,43.5,42.5,38.4,197135,192877,453636,502362,7.2,8831,0,3949,12780,
1988,43,10,Florida,,49,44.6,,4302313,8777510,9651236,7.8,34732,165475,2562,120032,
1988,44,11,Georgia,,40.6,39.1,,1809672,4459739,4631342,1.7,18787,121559,11308,90875,
1988,82,12,Hawaii,49.8,47.9,44.1,368567,354461,739890,803568,7.6,2300,0,0,2300,
1988,63,13,Idaho,63.1,61.3,59.9,421213,408968,667345,682522,2,1581,0,0,1581,
1988,21,14,Illinois,59.1,57.3,54.2,4697192,4559120,7950848,8410414,5.2,21081,0,0,21081,
1988,22,15,Indiana,55.6,54.3,53.6,2222811,2168621,3996319,4045785,0.9,11406,0,0,11406,
1988,31,16,Iowa,61.4,60.6,59.7,1240854,1225614,2021793,2052326,0.9,3034,13099,1945,11529,
1988,32,17,Kansas,,56,54.9,,993044,1774451,1808604,1.6,5817,0,0,5817,
1988,51,18,Kentucky,,49.3,48.8,,1322517,2680364,2709782,0.6,7119,7398,3443,14261,
1988,45,19,Louisiana,,55.4,54.2,,1628202,2941023,3005785,1.4,16242,0,7387,23629,
1988,2,20,Maine,,62.5,61.5,,555035,888612,901850,1.5,0,0,0,0,
1988,52,21,Maryland,52.5,51.6,48.5,1747350,1714358,3325582,3535730,4.2,14276,78619,9225,62811,
1988,3,22,Massachusetts,61.3,60,56.7,2689857,2632801,4385728,4642061,5.5,0,0,0,0,
1988,23,23,Michigan,56.7,55.5,54.2,3745751,3669163,6608812,6773776,2,27612,0,0,27612,
1988,33,24,Minnesota,68.8,67.9,66.2,2125119,2096790,3087194,3166668,1.5,2799,56901,1639,32889,
1988,46,25,Mississippi,,52,51.3,,931527,1792847,1815826,0.5,7384,6854,3177,13988,
1988,34,26,Missouri,,56.6,55.5,,2093713,3696905,3769751,0.9,12176,42728,7207,40747,
1988,64,27,Montana,66.7,64.4,63.7,378981,365674,568014,573791,0.8,1272,0,0,1272,
1988,35,28,Nebraska,60.3,58.8,57.8,678669,661465,1125252,1144305,0.9,2156,11411,447,8309,
1988,65,29,Nevada,46.1,45.6,42.5,354261,350067,768131,823940,5.5,4881,7032,2100,10497,
1988,4,30,New Hampshire,57.8,56.4,55.2,462503,451074,800468,817358,1.9,1019,0,0,1019,
1988,12,31,New Jersey,57.1,57,52.5,3102502,3099553,5435008,5904776,6.9,16936,57903,18463,64351,
1988,66,32,New Mexico,53.4,52,49.8,535694,521287,1002876,1046754,3.6,2825,5312,1230,6711,
1988,13,33,New York,54,52.7,47.5,6636310,6485683,12300666,13659215,9.4,44560,0,33962,78522,
1988,47,34,North Carolina,,44.5,43.5,,2134370,4794041,4903045,1.1,17078,67164,6191,56851,
1988,36,35,North Dakota,66.2,63.7,63.2,309100,297261,466684,470652,0.7,466,0,0,466,
1988,24,36,Ohio,57.3,55.8,55,4505284,4393585,7869099,7986220,1.1,26462,0,0,26462,
1988,53,37,Oklahoma,53.1,52.1,50.9,1192815,1171036,2245785,2300258,1.3,10448,23341,1455,23574,
1988,72,38,Oregon,62.3,60.6,58.5,1235199,1201694,1982355,2055379,3.1,5991,0,3790,9781,
1988,14,39,Pennsylvania,,51,50.2,,4536251,8892826,9037056,1.4,17900,0,0,17900,
1988,5,40,Rhode Island,57.6,56.1,52.5,415963,404620,721773,771407,5.5,1906,9824,442,7260,
1988,48,41,South Carolina,42.5,40.2,39.4,1041846,986009,2453644,2504635,0.8,13888,26260,3626,30644,
1988,37,42,South Dakota,,63.4,62.9,,312991,494034,497633,0.5,1020,0,0,1020,
1988,54,43,Tennessee,,46.1,45.3,,1636250,3551452,3609081,0.7,7732,28282,9529,31402,
1988,49,44,Texas,,50.1,45.7,,5427410,10833436,11877787,6.6,40437,288906,77827,262717,
1988,67,45,Utah,63.4,62,60.5,661546,647008,1043170,1069800,2.5,0,0,0,0,
1988,6,46,Vermont,66.7,60.1,59.2,270148,243328,404795,411136,1.5,0,0,0,0,
1988,40,47,Virginia,,49.8,47.9,,2191609,4396900,4571637,3.2,14184,17945,6576,29733,
1988,73,48,Washington,58.6,56.8,53.8,1923043,1865253,3282173,3465082,3.9,5816,64257,10745,48690,
1988,56,49,West Virginia,,48.5,48.1,,653311,1347692,1358249,0.4,1455,4811,807,4668,
1988,25,50,Wisconsin,,62.8,61.6,,2191608,3489742,3558322,1.3,6353,26305,4128,23634,
1988,68,51,Wyoming,59.2,56,55.1,186417,176551,315073,320695,1,945,2186,333,2371,
1986,0,0,United States,0,38.1,36.5,,64991128,170396029,177922330,4.7,535547,1177814,242663,1367117,2216053
1986,41,1,Alabama,,43.1,42.5,,1236230,2869652,2911819,0.6,11710,21371,3038,25434,
1986,81,2,Alaska,51.9,51.4,49.6,182526,180801,351841,364871,2.5,2460,2885,119,4022,
1986,61,3,Arizona,38.4,37.4,35.3,889668,866984,2319046,2452624,4.6,9434,20283,2034,21610,
1986,42,4,Arkansas,,41.4,40.8,,695487,1681564,1706578,0.6,4701,12700,4023,15074,
1986,71,5,California,44.4,43.4,36.8,7617142,7443551,17166275,20222886,14.7,59484,0,33172,92656,
1986,62,6,Colorado,47.5,45.9,44.7,1096867,1060765,2309652,2372880,2.4,3804,0,1827,5631,
1986,1,7,Connecticut,43.7,42.4,40.1,1025605,993692,2344327,2479722,4.3,6905,41304,603,28160,
1986,11,8,Delaware,36.3,35.3,34.1,165563,160757,455609,470828,1.6,2833,7985,978,7804,
1986,55,9,District of Columbia,28.8,28.3,25.9,134158,131802,465993,508553,6.5,6618,0,2980,9598,
1986,43,10,Florida,,40.9,37.5,,3429996,8384015,9158241,7.3,32237,139859,3478,105645,
1986,44,11,Georgia,,28.5,27.5,,1224948,4300049,4450093,1.5,16922,109485,10421,82086,
1986,82,12,Hawaii,48.1,46.7,43.1,344416,334115,715459,775534,7.5,2180,0,0,2180,
1986,63,13,Idaho,59.3,58.4,57.2,392909,387426,663126,677205,1.9,1448,0,0,1448,
1986,21,14,Illinois,42,39.7,37.7,3322657,3144185,7912733,8343755,4.9,19456,0,0,19456,
1986,22,15,Indiana,41.1,39.4,39,1619005,1555505,3943714,3990379,0.9,10175,0,0,10175,
1986,31,16,Iowa,45.6,45.1,44.4,922094,910623,2020678,2049547,0.9,2777,12584,1929,10998,
1986,32,17,Kansas,,47.8,47,,840605,1757001,1788426,1.5,5345,0,0,5345,
1986,51,18,Kentucky,,25.5,25.2,,677280,2661218,2687605,0.5,5288,6841,3370,12079,
1986,45,19,Louisiana,,45.4,44.6,,1369897,3014498,3069021,1.3,14300,0,0,14300,
1986,2,20,Maine,,49.7,49,,426861,858200,870604,1.4,0,0,0,0,
1986,52,21,Maryland,36.1,34.6,32.7,1161136,1112637,3216833,3401061,3.8,13326,69134,7494,55387,
1986,3,22,Massachusetts,41.1,38.9,36.9,1777276,1684079,4326264,4560556,5.1,0,0,0,0,
1986,23,23,Michigan,37.8,36.8,35.9,2468009,2396564,6520661,6674856,2,20742,0,0,20742,
1986,33,24,Minnesota,48.2,46.8,45.8,1456579,1415989,3024070,3089544,1.4,2462,38901,1437,23350,
1986,46,25,Mississippi,,29.4,29,,523563,1782721,1804699,0.5,6747,6458,3454,13430,
1986,34,26,Missouri,,40.4,39.7,,1477327,3655213,3717988,0.8,10309,33819,5229,32448,
1986,64,27,Montana,57.1,55.6,55,326436,317862,572113,577604,0.8,1111,0,0,1111,
1986,35,28,Nebraska,51.5,50.3,49.5,577916,564422,1123099,1141336,0.9,2044,11265,304,7981,
1986,65,29,Nevada,37.8,37.4,35.1,264365,261932,700192,747283,5.1,4551,5518,1529,8839,
1986,4,30,New Hampshire,33.8,33,32.4,257410,250966,760526,775686,1.9,782,0,0,782,
1986,12,31,New Jersey,30.4,28.8,26.7,1639330,1553544,5396487,5819614,6.4,12020,51359,14064,51764,
1986,66,32,New Mexico,41.4,40,38.5,408621,394833,987220,1026160,3.2,2416,4175,1147,5651,
1986,13,33,New York,36.5,35,31.8,4481718,4293971,12263480,13512043,8.7,38449,0,29325,67774,
1986,47,34,North Carolina,,34.2,33.5,,1591330,4653016,4749053,1,17698,58644,3322,50342,
1986,36,35,North Dakota,62.3,61,60.5,295177,289013,473962,477812,0.7,421,0,0,421,
1986,24,36,Ohio,46.6,40.1,39.6,3628870,3121189,7781083,7891503,1.1,22463,0,0,22463,
1986,53,37,Oklahoma,40.8,39.7,38.8,934447,909925,2290182,2343190,1.3,9708,22740,1670,22748,
1986,72,38,Oregon,56.4,54.9,53.2,1088140,1059630,1928782,1990233,2.8,4770,0,0,4770,
1986,14,39,Pennsylvania,,38.4,37.8,,3388275,8820459,8955720,1.3,15201,0,0,15201,
1986,5,40,Rhode Island,45.4,43,40.4,322724,305663,711034,756297,5.2,1358,8174,453,5898,
1986,48,41,South Carolina,31.9,31.5,30.9,763493,753751,2393329,2437430,0.8,11676,21110,3066,25297,
1986,37,42,South Dakota,,60.1,59.7,,295830,492333,495833,0.5,1081,0,0,1081,
1986,54,43,Tennessee,,34.8,34.3,,1210339,3478867,3532177,0.7,7591,26291,8600,29337,
1986,49,44,Texas,,31.9,29.3,,3442368,10786533,11732625,6,38534,290074,57509,241080,
1986,67,45,Utah,43.5,42.5,41.5,445499,435111,1024337,1049339,2.4,0,0,0,0,
1986,6,46,Vermont,54.3,50.5,49.7,211709,196716,389843,396034,1.6,0,0,0,0,
1986,40,47,Virginia,,29.1,28.1,,1233611,4240797,4394143,2.9,12930,17126,5767,27260,
1986,73,48,Washington,43.1,42.4,40.4,1358160,1337367,3151152,3310457,3.6,6603,49663,7666,39101,
1986,56,49,West Virginia,32.8,29.9,29.7,449249,410131,1370305,1380916,0.4,1472,4241,968,4561,
1986,25,50,Wisconsin,,44.5,43.7,,1526960,3432034,3495584,1.2,5736,24648,3854,21914,
1986,68,51,Wyoming,51.3,50.1,49.3,168615,164720,328971,334385,1,861,1840,337,2118,
1984,0,0,United States,0,55.2,53.3,,92652680,167701904,173994610,4.3,454092,1012936,204686,1165246,2360867
1984,41,1,Alabama,,50.9,50.3,,1441713,2831099,2867180,0.5,10482,16338,2194,20845,
1984,81,2,Alaska,62.1,60.5,58.6,213173,207605,343030,354410,2.3,1967,2064,147,3146,
1984,61,3,Arizona,48.9,47.7,45.3,1051339,1025897,2151391,2263826,4.2,7845,16687,1660,17849,
1984,42,4,Arkansas,,53,52.3,,884406,1668136,1689480,0.5,4482,8238,3463,12064,
1984,71,5,California,58.9,57.2,49.3,9796375,9505423,16618345,19270739,13.4,43197,0,30645,73842,
1984,62,6,Colorado,59.2,57.1,55.7,1343437,1295380,2267668,2325829,2.3,3231,0,1709,4940,
1984,1,7,Connecticut,64.8,63.8,60.3,1490946,1466900,2300533,2431057,4.1,5718,46681,868,29927,
1984,11,8,Delaware,58.4,57.5,55.9,258182,254572,442354,455312,1.5,2202,6373,830,6219,
1984,55,9,District of Columbia,46.5,44.8,41.8,219193,211288,471669,505550,5.8,4521,0,0,4521,
1984,43,10,Florida,,52.4,48.3,,4180051,7976805,8656427,6.8,26914,118318,5661,91734,
1984,44,11,Georgia,,43.1,41.9,,1776120,4119852,4243165,1.3,15404,90057,7246,67679,
1984,82,12,Hawaii,50.3,48.4,44.7,349253,335846,694187,750909,7.3,1965,0,0,1965,
1984,63,13,Idaho,63.7,62,60.8,421935,411144,662771,675772,1.7,1253,0,0,1253,
1984,21,14,Illinois,62.7,60.8,57.9,4969352,4819088,7922605,8327065,4.7,17114,0,0,17114,
1984,22,15,Indiana,57.9,57,56.4,2268493,2233069,3916362,3960870,0.9,9328,0,0,9328,
1984,31,16,Iowa,65.1,64.1,63.3,1339886,1319805,2057482,2084995,0.8,2836,11924,1662,10460,
1984,32,17,Kansas,,58.4,57.4,,1021991,1751223,1779487,1.3,4244,0,0,4244,
1984,51,18,Kentucky,,51.8,51.2,,1369345,2643027,2672424,0.5,4820,15004,3567,15889,
1984,45,19,Louisiana,,56.5,55.6,,1706822,3019930,3072074,1.3,13659,0,0,13659,
1984,2,20,Maine,,65.8,64.9,,553144,840251,852022,1.4,0,0,0,0,
1984,52,21,Maryland,54.5,53.8,51.1,1695924,1675873,3113967,3278321,3.4,13124,64827,7046,52584,
1984,3,22,Massachusetts,60.7,59.9,57,2595054,2559453,4273437,4486676,4.8,0,0,0,0,
1984,23,23,Michigan,60.6,59.3,58,3884854,3801658,6407156,6550877,2,14604,0,0,14604,
1984,33,24,Minnesota,70.9,69.9,68.6,2115317,2084449,2982015,3039490,1.3,2167,31440,1418,19305,
1984,46,25,Mississippi,,53.3,52.7,,941104,1766654,1787243,0.5,6115,6570,3108,12508,
1984,34,26,Missouri,,58.7,57.8,,2122783,3617948,3671506,0.8,8770,23574,4366,24923,
1984,64,27,Montana,68.2,66.4,65.8,395006,384377,578925,584162,0.7,964,0,0,964,
1984,35,28,Nebraska,59.1,57.5,56.6,670781,652090,1135012,1152310,0.9,1665,10763,361,7408,
1984,65,29,Nevada,44.8,43.6,41.1,294413,286667,656862,697185,4.7,3488,5226,1187,7288,
1984,4,30,New Hampshire,56.6,54.1,53.1,406608,388904,718967,732480,1.8,581,0,0,581,
1984,12,31,New Jersey,60.5,60.5,56.5,3215941,3217862,5318696,5699440,5.9,10363,44208,12206,44673,
1984,66,32,New Mexico,54.6,53.8,51.9,522328,514370,956246,990632,2.9,2129,3926,1194,5286,
1984,13,33,New York,57.2,55.6,50.9,7000828,6806810,12232120,13373558,8.1,33109,0,24212,57321,
1984,47,34,North Carolina,,48.2,47.3,,2175361,4512013,4598151,0.9,16371,52600,3892,46563,
1984,36,35,North Dakota,67.2,64,63.5,324179,308971,482655,486449,0.7,432,0,0,432,
1984,24,36,Ohio,60.3,58.8,58,4664223,4547619,7732456,7836806,1.1,18619,0,0,18619,
1984,53,37,Oklahoma,55.5,54,52.9,1290555,1255676,2324445,2373014,1.2,7872,18809,1880,19157,
1984,72,38,Oregon,66.4,64.3,62.5,1265824,1226527,1906880,1962501,2.6,4224,0,0,4224,
1984,14,39,Pennsylvania,,55.1,54.3,,4844903,8790815,8918353,1.3,13090,0,0,13090,
1984,5,40,Rhode Island,60.6,58.8,55.5,422851,410492,697537,739064,4.9,1221,7147,394,5189,
1984,48,41,South Carolina,43.7,41.6,40.9,1018701,968529,2329080,2368236,0.7,9892,17043,3441,21855,
1984,37,42,South Dakota,,64.3,63.8,,317867,494651,497849,0.5,921,0,0,921,
1984,54,43,Tennessee,,50.1,49.4,,1711994,3415760,3463234,0.6,7307,23598,6524,25630,
1984,49,44,Texas,,51,47.4,,5397571,10582774,11397758,5.4,36682,235568,40783,195249,
1984,67,45,Utah,64.3,63,61.6,641846,629656,998820,1022083,2.3,0,0,0,0,
1984,6,46,Vermont,61.6,61.5,60.5,235140,234561,381479,387620,1.6,0,0,0,0,
1984,40,47,Virginia,,52.4,50.7,,2146635,4100160,4234017,2.6,10839,16690,5986,25170,
1984,73,48,Washington,62.9,61.3,58.6,1931546,1883910,3072714,3213263,3.4,6821,39181,5253,31665,
1984,56,49,West Virginia,,52.9,52.5,,735742,1391427,1401733,0.4,1579,3597,724,4102,
1984,25,50,Wisconsin,,64.9,63.8,,2211689,3409202,3468053,1.1,4974,22426,3853,20040,
1984,68,51,Wyoming,57.9,55.8,54.9,196153,188968,338733,343957,1,724,1708,352,1930,
1982,0,0,United States (Excl. Louisiana),0,42.1,40.7,,67615576,160466919,166027633,4,399102,789951,165559,959637,1981895
1982,41,1,Alabama,,40.6,40.1,,1128725,2780689,2813033,0.5,9233,14229,2266,18614,
1982,81,2,Alaska,64.9,63.4,61.5,199458,194885,307558,316787,2.2,1322,1816,101,2331,
1982,61,3,Arizona,36.8,36,34.4,742923,726364,2017098,2112246,3.8,6069,14949,1527,15071,
1982,42,4,Arkansas,,48.1,47.6,,789351,1639482,1656707,0.5,3922,3384,3061,8675,
1982,71,5,California,49.9,48.7,42.7,8064314,7876698,16161555,18448245,12.1,34640,0,18913,53553,
1982,62,6,Colorado,47.3,43.5,42.5,1037774,956021,2196263,2248839,2.1,3042,0,1202,4244,
1982,1,7,Connecticut,49.4,48.1,45.7,1112428,1084156,2253328,2369975,4,5156,33061,1311,22998,
1982,11,8,Delaware,45.5,44.4,43.3,195726,190960,430257,441374,1.4,2068,4626,621,5002,
1982,55,9,District of Columbia,,25,23.5,,117623,470719,500492,5.1,4081,0,0,4081,
1982,43,10,Florida,,35.5,33,,2688566,7565499,8139171,6.3,27830,57074,5974,62341,
1982,44,11,Georgia,,29.6,28.9,,1169041,3945107,4047788,1.1,14405,78097,4897,58351,
1982,82,12,Hawaii,48.5,46.5,43.1,325459,311853,671172,724189,7.1,1461,0,0,1461,
1982,63,13,Idaho,51.1,50.2,49.3,332237,326522,650534,662251,1.6,1044,0,0,1044,
1982,21,14,Illinois,48.8,46.5,44.3,3856875,3673681,7908220,8284606,4.4,14293,0,0,14293,
1982,22,15,Indiana,47.3,46.8,46.3,1834225,1817287,3879314,3921907,0.9,8790,0,0,8790,
1982,31,16,Iowa,50.8,50.2,49.6,1050495,1038229,2068844,2094031,0.8,2829,10625,1050,9192,
1982,32,17,Kansas,,44,43.3,,763263,1736298,1761238,1.2,3078,0,0,3078,
1982,51,18,Kentucky,,26.8,26.5,,700322,2615445,2642810,0.5,4031,14516,3430,14719,
1982,45,19,Louisiana,,,,,,2982702,3029834,1.2,10930,0,0,10930,
1982,2,20,Maine,,56.3,55.5,,460295,817814,828907,1.3,0,0,0,0,
1982,52,21,Maryland,39.2,37.5,35.9,1190011,1139149,3034834,3174995,3,11617,52603,6024,43943,
1982,3,22,Massachusetts,50.3,49,46.9,2103780,2050769,4184146,4375262,4.4,0,0,0,0,
1982,23,23,Michigan,49.3,47.8,46.8,3135928,3040008,6357552,6498711,1.9,14913,0,0,14913,
1982,33,24,Minnesota,62.3,61.3,60.3,1834737,1804675,2943169,2993256,1.1,2081,24320,1479,15720,
1982,46,25,Mississippi,,37,36.6,,645026,1743267,1762406,0.4,5484,6304,2914,11550,
1982,34,26,Missouri,,43.3,42.7,,1543521,3567803,3615526,0.7,7445,21637,2556,20820,
1982,64,27,Montana,57.6,56.4,55.9,328082,321062,569629,574592,0.7,914,0,0,914,
1982,35,28,Nebraska,49.6,48.5,47.8,559422,547902,1128918,1145316,0.8,1739,9964,309,7030,
1982,65,29,Nevada,39.1,38.7,36.7,242578,240394,621060,655823,4.4,2753,4733,1065,6185,
1982,4,30,New Hampshire,42.1,41.2,40.5,289057,282588,686264,698424,1.7,445,0,0,445,
1982,12,31,New Jersey,43.8,42,39.4,2286925,2193945,5224732,5563627,5.4,8191,38186,10514,37798,
1982,66,32,New Mexico,45.5,44.3,42.9,417945,407466,919311,949133,2.6,1718,3854,1206,4851,
1982,13,33,New York,44.9,43.4,40,5437367,5254891,12118685,13150573,7.5,27945,0,21062,49007,
1982,47,34,North Carolina,,30.4,29.8,,1321080,4347870,4427095,0.8,16569,44274,6910,45616,
1982,36,35,North Dakota,57.2,55,54.6,272876,262465,476851,480367,0.7,322,0,0,322,
1982,24,36,Ohio,46.2,44.1,43.6,3551995,3395463,7692059,7793022,1.1,17317,0,0,17317,
1982,53,37,Oklahoma,39.1,38.4,37.6,901488,883130,2302670,2346265,1.2,6500,14749,1858,15733,
1982,72,38,Oregon,56.1,55,53.5,1063913,1042009,1895706,1946116,2.4,3900,0,0,3900,
1982,14,39,Pennsylvania,,42.1,41.5,,3683985,8749931,8869173,1.2,10508,0,0,10508,
1982,5,40,Rhode Island,54.2,50,47.4,370928,342779,684977,723060,4.6,1037,6501,327,4615,
1982,48,41,South Carolina,30.4,29.7,29.2,688300,671625,2260577,2297223,0.7,9137,16981,3175,20803,
1982,37,42,South Dakota,,56.9,56.6,,278562,489474,492367,0.4,791,0,0,791,
1982,54,43,Tennessee,,37.5,37.1,,1259785,3357236,3393233,0.6,7869,10101,3303,16223,
1982,49,44,Texas,,31.2,29.2,,3191091,10228820,10910762,4.9,36149,177270,26274,151058,
1982,67,45,Utah,55.8,55.1,53.9,537207,530802,962724,984073,2.2,0,0,0,0,
1982,6,46,Vermont,46.1,45.4,44.6,172084,169251,372982,379067,1.6,0,0,0,0,
1982,40,47,Virginia,,35.7,34.7,,1415622,3960296,4076585,2.3,10079,14813,6487,23973,
1982,73,48,Washington,46.8,45.6,43.6,1404831,1368476,2999997,3138109,3.1,6264,60142,3047,39382,
1982,56,49,West Virginia,,40.4,40.1,,565314,1399303,1409116,0.4,1547,2711,610,3513,
1982,25,50,Wisconsin,,46.9,46.1,,1580344,3372875,3426394,1,4714,19603,3125,17641,
1982,68,51,Wyoming,50,49,48.3,172065,168555,344218,349060,0.9,702,1303,244,1598,
1980,0,0,United States,0,54.2,52.6,,86515221,159635102,164445475,3.5,324410,618471,168331,801977,1803021
1980,41,1,Alabama,,49.2,48.7,,1341929,2726249,2753078,0.4,6543,10985,2547,14583,
1980,81,2,Alaska,60.2,58.7,57.1,162653,158445,270122,277261,2,822,1181,93,1506,
1980,61,3,Arizona,47.5,46.2,44.4,898183,873945,1890167,1968947,3.4,4372,12584,1093,11757,
1980,42,4,Arkansas,,52,51.5,,837582,1610104,1624917,0.5,2911,2400,2855,6966,
1980,71,5,California,56.2,55,48.9,8775459,8587063,15610966,17551451,10.8,24569,0,15253,39822,
1980,62,6,Colorado,59.1,57.2,55.9,1225549,1184415,2071959,2118092,2,2629,0,927,3556,
1980,1,7,Connecticut,64.7,63.9,61,1423403,1406285,2201356,2305904,3.8,4308,22981,1932,17731,
1980,11,8,Delaware,56.8,56,54.7,239136,235900,421344,430879,1.3,1474,3762,619,3974,
1980,55,9,District of Columbia,37.9,37.2,35.3,178434,175237,470956,496230,4.5,3145,0,0,3145,
1980,43,10,Florida,,52,48.7,,3686930,7088658,7575002,5.8,20735,38906,8823,49011,
1980,44,11,Georgia,,42.1,41.3,,1596695,3791652,3870251,0.9,12178,58450,3169,44572,
1980,82,12,Hawaii,49.2,46.9,43.6,318026,303287,646583,695906,6.9,985,0,0,985,
1980,63,13,Idaho,70.4,69,67.9,446045,437431,633624,644004,1.5,817,0,0,817,
1980,21,14,Illinois,61.9,60.4,57.8,4868890,4749721,7868300,8216218,4.1,11899,0,0,11899,
1980,22,15,Indiana,59.2,58.3,57.7,2275433,2242033,3846321,3885473,0.8,6683,0,0,6683,
1980,31,16,Iowa,63.5,63.6,62.9,1314258,1317661,2070935,2093321,0.7,2481,8815,639,7528,
1980,32,17,Kansas,,57.5,56.8,,979795,1704420,1726471,1.1,2494,0,0,2494,
1980,51,18,Kentucky,,50.5,49.9,,1294627,2562572,2592185,0.5,3588,12400,8120,17908,
1980,45,19,Louisiana,,54,53.2,,1548591,2868792,2910776,1.1,8889,0,0,8889,
1980,2,20,Maine,,65.4,64.6,,523011,799746,810240,1.3,0,0,0,0,
1980,52,21,Maryland,52.5,52,50,1557709,1540496,2964704,3081409,2.7,7731,41661,6436,34998,
1980,3,22,Massachusetts,62.4,61.4,59,2566807,2524298,4110721,4281265,4,0,0,0,0,
1980,23,23,Michigan,62.4,61.3,60,3978647,3909725,6374955,6514790,1.9,15124,0,0,15124,
1980,33,24,Minnesota,72.1,71.2,70,2079451,2051980,2882406,2929927,1,2001,27000,1534,17035,
1980,46,25,Mississippi,,52.4,51.9,,892620,1704163,1719825,0.4,3902,4864,2292,8626,
1980,34,26,Missouri,,59.5,58.8,,2099824,3529489,3571609,0.7,5726,17400,2395,16821,
1980,64,27,Montana,67.1,65.6,65.1,371976,363952,554636,559165,0.7,739,0,0,739,
1980,35,28,Nebraska,58.4,57.5,56.7,651281,640854,1115142,1129653,0.8,1446,7980,292,5728,
1980,65,29,Nevada,51.9,43.3,41.1,297318,247885,573118,602463,4,1839,4989,1052,5386,
1980,4,30,New Hampshire,60.9,58.1,57.2,402415,383990,660560,671558,1.6,326,0,0,326,
1980,12,31,New Jersey,58.5,58.1,54.9,2999879,2975684,5123773,5420255,4.9,5884,29239,8911,29415,
1980,66,32,New Mexico,53.2,52.3,50.9,464848,456971,873515,897946,2.3,1279,2794,884,3560,
1980,13,33,New York,53,51.7,48,6359218,6201959,12006100,12932357,6.8,21815,0,19652,41467,
1980,47,34,North Carolina,,44.1,43.4,,1855833,4203817,4272156,0.7,15513,36467,6496,40243,
1980,36,35,North Dakota,68,65.2,64.8,314525,301545,462223,465447,0.6,253,0,0,253,
1980,24,36,Ohio,57.3,56.1,55.4,4378937,4283603,7637813,7732705,1.1,13489,0,0,13489,
1980,53,37,Oklahoma,54.2,53.2,52.2,1172303,1149708,2162051,2201257,1.1,4796,14360,2232,14208,
1980,72,38,Oregon,64.3,62.8,61.4,1209691,1181516,1880863,1925651,2.2,3177,0,0,3177,
1980,14,39,Pennsylvania,,52.6,52,,4561501,8664166,8774885,1.2,8171,0,0,8171,
1980,5,40,Rhode Island,62.7,61.6,58.6,423349,416072,675067,709692,4.3,813,5501,257,3821,
1980,48,41,South Carolina,42.4,41.1,40.4,922397,894071,2176721,2212354,0.6,7862,20589,3124,21281,
1980,37,42,South Dakota,,67.7,67.3,,327703,484328,486893,0.4,635,0,0,635,
1980,54,43,Tennessee,,49.2,48.8,,1617616,3285608,3318036,0.5,7022,9130,3097,14684,
1980,49,44,Texas,,47.4,44.9,,4541636,9572904,10120613,4.3,29892,131996,17235,113125,
1980,67,45,Utah,66.6,66,64.6,609691,604222,915484,934767,2.1,0,0,0,0,
1980,6,46,Vermont,59.3,58.7,57.8,215500,213299,363143,369147,1.6,0,0,0,0,
1980,40,47,Virginia,,48.7,47.5,,1866032,3830887,3927383,2,8920,11463,4783,19435,
1980,73,48,Washington,60.6,59.6,57.4,1772904,1742394,2923670,3037193,2.9,4399,12527,14669,25332,
1980,56,49,West Virginia,53.5,53.2,52.8,742150,737715,1387231,1396595,0.5,1257,2650,475,3057,
1980,25,50,Wisconsin,,68.4,67.4,,2273221,3322053,3371087,1,3980,19088,2639,16163,
1980,68,51,Wyoming,55.4,54.1,53.4,181004,176713,326644,330784,0.9,534,940,154,1158,
